x,y,z
-50,-50,0
-49,-50,0
-48,-50,0
-47,-50,0
-46,-50,0
-45,-50,0
-44,-50,0
-43,-50,0
-42,-50,0
-41,-50,0
-40,-50,0
-39,-50,0
-38,-50,0
-37,-50,0
-36,-50,0
-35,-50,0
-34,-50,0
-33,-50,0
-32,-50,0
-31,-50,0
-30,-50,0
-29,-50,0
-28,-50,0
-27,-50,0
-26,-50,0
-25,-50,0
-24,-50,0
-23,-50,0
-22,-50,0
-21,-50,0
-20,-50,1
-19,-50,3
-18,-50,0
-17,-50,3
-16,-50,2
-15,-50,0
-14,-50,3
-13,-50,2
-12,-50,0
-11,-50,3
-10,-50,0
-9,-50,2
-8,-50,3
-7,-50,3
-6,-50,3
-5,-50,3
-4,-50,3
-3,-50,3
-2,-50,3
-1,-50,3
0,-50,3
1,-50,3
2,-50,3
3,-50,3
4,-50,3
5,-50,3
6,-50,3
7,-50,3
8,-50,3
9,-50,2
10,-50,0
11,-50,3
12,-50,0
13,-50,2
14,-50,3
15,-50,0
16,-50,2
17,-50,3
18,-50,0
19,-50,3
20,-50,1
21,-50,0
22,-50,0
23,-50,0
24,-50,0
25,-50,0
26,-50,0
27,-50,0
28,-50,0
29,-50,0
30,-50,0
31,-50,0
32,-50,0
33,-50,0
34,-50,0
35,-50,0
36,-50,0
37,-50,0
38,-50,0
39,-50,0
40,-50,0
41,-50,0
42,-50,0
43,-50,0
44,-50,0
45,-50,0
46,-50,0
47,-50,0
48,-50,0
49,-50,0
50,-50,0
-50,-49,0
-49,-49,0
-48,-49,0
-47,-49,0
-46,-49,0
-45,-49,0
-44,-49,0
-43,-49,0
-42,-49,0
-41,-49,0
-40,-49,0
-39,-49,0
-38,-49,0
-37,-49,0
-36,-49,0
-35,-49,0
-34,-49,0
-33,-49,0
-32,-49,0
-31,-49,0
-30,-49,0
-29,-49,0
-28,-49,0
-27,-49,0
-26,-49,0
-25,-49,0
-24,-49,0
-23,-49,0
-22,-49,1
-21,-49,3
-20,-49,2
-19,-49,2
-18,-49,2
-17,-49,3
-16,-49,0
-15,-49,2
-14,-49,3
-13,-49,0
-12,-49,2
-11,-49,2
-10,-49,3
-9,-49,2
-8,-49,0
-7,-49,2
-6,-49,3
-5,-49,3
-4,-49,3
-3,-49,3
-2,-49,3
-1,-49,3
0,-49,3
1,-49,3
2,-49,3
3,-49,3
4,-49,3
5,-49,3
6,-49,3
7,-49,2
8,-49,0
9,-49,2
10,-49,3
11,-49,2
12,-49,2
13,-49,0
14,-49,3
15,-49,2
16,-49,0
17,-49,3
18,-49,2
19,-49,2
20,-49,2
21,-49,3
22,-49,1
23,-49,0
24,-49,0
25,-49,0
26,-49,0
27,-49,0
28,-49,0
29,-49,0
30,-49,0
31,-49,0
32,-49,0
33,-49,0
34,-49,0
35,-49,0
36,-49,0
37,-49,0
38,-49,0
39,-49,0
40,-49,0
41,-49,0
42,-49,0
43,-49,0
44,-49,0
45,-49,0
46,-49,0
47,-49,0
48,-49,0
49,-49,0
50,-49,0
-50,-48,0
-49,-48,0
-48,-48,0
-47,-48,0
-46,-48,0
-45,-48,0
-44,-48,0
-43,-48,0
-42,-48,0
-41,-48,0
-40,-48,0
-39,-48,0
-38,-48,0
-37,-48,0
-36,-48,0
-35,-48,0
-34,-48,0
-33,-48,0
-32,-48,0
-31,-48,0
-30,-48,0
-29,-48,0
-28,-48,0
-27,-48,0
-26,-48,0
-25,-48,0
-24,-48,1
-23,-48,3
-22,-48,2
-21,-48,3
-20,-48,2
-19,-48,0
-18,-48,3
-17,-48,2
-16,-48,3
-15,-48,3
-14,-48,2
-13,-48,3
-12,-48,3
-11,-48,2
-10,-48,0
-9,-48,2
-8,-48,3
-7,-48,3
-6,-48,1
-5,-48,3
-4,-48,3
-3,-48,3
-2,-48,3
-1,-48,3
0,-48,3
1,-48,3
2,-48,3
3,-48,3
4,-48,3
5,-48,3
6,-48,1
7,-48,3
8,-48,3
9,-48,2
10,-48,0
11,-48,2
12,-48,3
13,-48,3
14,-48,2
15,-48,3
16,-48,3
17,-48,2
18,-48,3
19,-48,0
20,-48,2
21,-48,3
22,-48,2
23,-48,3
24,-48,1
25,-48,0
26,-48,0
27,-48,0
28,-48,0
29,-48,0
30,-48,0
31,-48,0
32,-48,0
33,-48,0
34,-48,0
35,-48,0
36,-48,0
37,-48,0
38,-48,0
39,-48,0
40,-48,0
41,-48,0
42,-48,0
43,-48,0
44,-48,0
45,-48,0
46,-48,0
47,-48,0
48,-48,0
49,-48,0
50,-48,0
-50,-47,0
-49,-47,0
-48,-47,0
-47,-47,0
-46,-47,0
-45,-47,0
-44,-47,0
-43,-47,0
-42,-47,0
-41,-47,0
-40,-47,0
-39,-47,0
-38,-47,0
-37,-47,0
-36,-47,0
-35,-47,0
-34,-47,0
-33,-47,0
-32,-47,0
-31,-47,0
-30,-47,0
-29,-47,0
-28,-47,0
-27,-47,0
-26,-47,0
-25,-47,2
-24,-47,1
-23,-47,3
-22,-47,2
-21,-47,3
-20,-47,0
-19,-47,2
-18,-47,3
-17,-47,2
-16,-47,2
-15,-47,0
-14,-47,3
-13,-47,2
-12,-47,0
-11,-47,2
-10,-47,3
-9,-47,3
-8,-47,3
-7,-47,1
-6,-47,3
-5,-47,1
-4,-47,3
-3,-47,3
-2,-47,3
-1,-47,3
0,-47,3
1,-47,3
2,-47,3
3,-47,3
4,-47,3
5,-47,1
6,-47,3
7,-47,1
8,-47,3
9,-47,3
10,-47,3
11,-47,2
12,-47,0
13,-47,2
14,-47,3
15,-47,0
16,-47,2
17,-47,2
18,-47,3
19,-47,2
20,-47,0
21,-47,3
22,-47,2
23,-47,3
24,-47,1
25,-47,2
26,-47,0
27,-47,0
28,-47,0
29,-47,0
30,-47,0
31,-47,0
32,-47,0
33,-47,0
34,-47,0
35,-47,0
36,-47,0
37,-47,0
38,-47,0
39,-47,0
40,-47,0
41,-47,0
42,-47,0
43,-47,0
44,-47,0
45,-47,0
46,-47,0
47,-47,0
48,-47,0
49,-47,0
50,-47,0
-50,-46,0
-49,-46,0
-48,-46,0
-47,-46,0
-46,-46,0
-45,-46,0
-44,-46,0
-43,-46,0
-42,-46,0
-41,-46,0
-40,-46,0
-39,-46,0
-38,-46,0
-37,-46,0
-36,-46,0
-35,-46,0
-34,-46,0
-33,-46,0
-32,-46,0
-31,-46,0
-30,-46,0
-29,-46,0
-28,-46,0
-27,-46,1
-26,-46,3
-25,-46,3
-24,-46,3
-23,-46,1
-22,-46,1
-21,-46,1
-20,-46,2
-19,-46,2
-18,-46,3
-17,-46,2
-16,-46,0
-15,-46,2
-14,-46,3
-13,-46,0
-12,-46,2
-11,-46,2
-10,-46,2
-9,-46,2
-8,-46,1
-7,-46,3
-6,-46,1
-5,-46,3
-4,-46,2
-3,-46,3
-2,-46,3
-1,-46,3
0,-46,3
1,-46,3
2,-46,3
3,-46,3
4,-46,2
5,-46,3
6,-46,1
7,-46,3
8,-46,1
9,-46,2
10,-46,2
11,-46,2
12,-46,2
13,-46,0
14,-46,3
15,-46,2
16,-46,0
17,-46,2
18,-46,3
19,-46,2
20,-46,2
21,-46,1
22,-46,1
23,-46,1
24,-46,3
25,-46,3
26,-46,3
27,-46,1
28,-46,0
29,-46,0
30,-46,0
31,-46,0
32,-46,0
33,-46,0
34,-46,0
35,-46,0
36,-46,0
37,-46,0
38,-46,0
39,-46,0
40,-46,0
41,-46,0
42,-46,0
43,-46,0
44,-46,0
45,-46,0
46,-46,0
47,-46,0
48,-46,0
49,-46,0
50,-46,0
-50,-45,0
-49,-45,0
-48,-45,0
-47,-45,0
-46,-45,0
-45,-45,0
-44,-45,0
-43,-45,0
-42,-45,0
-41,-45,0
-40,-45,0
-39,-45,0
-38,-45,0
-37,-45,0
-36,-45,0
-35,-45,0
-34,-45,0
-33,-45,0
-32,-45,0
-31,-45,0
-30,-45,0
-29,-45,1
-28,-45,3
-27,-45,2
-26,-45,3
-25,-45,3
-24,-45,3
-23,-45,2
-22,-45,2
-21,-45,2
-20,-45,2
-19,-45,2
-18,-45,3
-17,-45,0
-16,-45,2
-15,-45,2
-14,-45,2
-13,-45,3
-12,-45,3
-11,-45,3
-10,-45,3
-9,-45,3
-8,-45,1
-7,-45,1
-6,-45,3
-5,-45,3
-4,-45,0
-3,-45,3
-2,-45,3
-1,-45,3
0,-45,3
1,-45,3
2,-45,3
3,-45,3
4,-45,0
5,-45,3
6,-45,3
7,-45,1
8,-45,1
9,-45,3
10,-45,3
11,-45,3
12,-45,3
13,-45,3
14,-45,2
15,-45,2
16,-45,2
17,-45,0
18,-45,3
19,-45,2
20,-45,2
21,-45,2
22,-45,2
23,-45,2
24,-45,3
25,-45,3
26,-45,3
27,-45,2
28,-45,3
29,-45,1
30,-45,0
31,-45,0
32,-45,0
33,-45,0
34,-45,0
35,-45,0
36,-45,0
37,-45,0
38,-45,0
39,-45,0
40,-45,0
41,-45,0
42,-45,0
43,-45,0
44,-45,0
45,-45,0
46,-45,0
47,-45,0
48,-45,0
49,-45,0
50,-45,0
-50,-44,0
-49,-44,0
-48,-44,0
-47,-44,0
-46,-44,0
-45,-44,0
-44,-44,0
-43,-44,0
-42,-44,0
-41,-44,0
-40,-44,0
-39,-44,0
-38,-44,0
-37,-44,0
-36,-44,0
-35,-44,0
-34,-44,0
-33,-44,0
-32,-44,0
-31,-44,0
-30,-44,2
-29,-44,1
-28,-44,3
-27,-44,2
-26,-44,3
-25,-44,3
-24,-44,3
-23,-44,2
-22,-44,2
-21,-44,2
-20,-44,2
-19,-44,2
-18,-44,2
-17,-44,3
-16,-44,3
-15,-44,3
-14,-44,3
-13,-44,3
-12,-44,3
-11,-44,3
-10,-44,3
-9,-44,1
-8,-44,3
-7,-44,2
-6,-44,3
-5,-44,1
-4,-44,2
-3,-44,1
-2,-44,3
-1,-44,3
0,-44,3
1,-44,3
2,-44,3
3,-44,1
4,-44,2
5,-44,1
6,-44,3
7,-44,2
8,-44,3
9,-44,1
10,-44,3
11,-44,3
12,-44,3
13,-44,3
14,-44,3
15,-44,3
16,-44,3
17,-44,3
18,-44,2
19,-44,2
20,-44,2
21,-44,2
22,-44,2
23,-44,2
24,-44,3
25,-44,3
26,-44,3
27,-44,2
28,-44,3
29,-44,1
30,-44,2
31,-44,0
32,-44,0
33,-44,0
34,-44,0
35,-44,0
36,-44,0
37,-44,0
38,-44,0
39,-44,0
40,-44,0
41,-44,0
42,-44,0
43,-44,0
44,-44,0
45,-44,0
46,-44,0
47,-44,0
48,-44,0
49,-44,0
50,-44,0
-50,-43,0
-49,-43,0
-48,-43,0
-47,-43,0
-46,-43,0
-45,-43,0
-44,-43,0
-43,-43,0
-42,-43,0
-41,-43,0
-40,-43,0
-39,-43,0
-38,-43,0
-37,-43,0
-36,-43,0
-35,-43,0
-34,-43,0
-33,-43,0
-32,-43,1
-31,-43,3
-30,-43,3
-29,-43,3
-28,-43,1
-27,-43,2
-26,-43,3
-25,-43,3
-24,-43,3
-23,-43,2
-22,-43,2
-21,-43,2
-20,-43,2
-19,-43,2
-18,-43,2
-17,-43,2
-16,-43,2
-15,-43,2
-14,-43,2
-13,-43,2
-12,-43,2
-11,-43,2
-10,-43,1
-9,-43,3
-8,-43,3
-7,-43,2
-6,-43,2
-5,-43,3
-4,-43,0
-3,-43,3
-2,-43,2
-1,-43,3
0,-43,3
1,-43,3
2,-43,2
3,-43,3
4,-43,0
5,-43,3
6,-43,2
7,-43,2
8,-43,3
9,-43,3
10,-43,1
11,-43,2
12,-43,2
13,-43,2
14,-43,2
15,-43,2
16,-43,2
17,-43,2
18,-43,2
19,-43,2
20,-43,2
21,-43,2
22,-43,2
23,-43,2
24,-43,3
25,-43,3
26,-43,3
27,-43,2
28,-43,1
29,-43,3
30,-43,3
31,-43,3
32,-43,1
33,-43,0
34,-43,0
35,-43,0
36,-43,0
37,-43,0
38,-43,0
39,-43,0
40,-43,0
41,-43,0
42,-43,0
43,-43,0
44,-43,0
45,-43,0
46,-43,0
47,-43,0
48,-43,0
49,-43,0
50,-43,0
-50,-42,0
-49,-42,0
-48,-42,0
-47,-42,0
-46,-42,0
-45,-42,0
-44,-42,0
-43,-42,0
-42,-42,0
-41,-42,0
-40,-42,0
-39,-42,0
-38,-42,0
-37,-42,0
-36,-42,0
-35,-42,0
-34,-42,0
-33,-42,2
-32,-42,1
-31,-42,3
-30,-42,3
-29,-42,3
-28,-42,3
-27,-42,0
-26,-42,3
-25,-42,3
-24,-42,3
-23,-42,2
-22,-42,3
-21,-42,3
-20,-42,3
-19,-42,3
-18,-42,3
-17,-42,3
-16,-42,3
-15,-42,3
-14,-42,3
-13,-42,3
-12,-42,3
-11,-42,3
-10,-42,2
-9,-42,3
-8,-42,3
-7,-42,2
-6,-42,0
-5,-42,3
-4,-42,3
-3,-42,3
-2,-42,0
-1,-42,3
0,-42,3
1,-42,3
2,-42,0
3,-42,3
4,-42,3
5,-42,3
6,-42,0
7,-42,2
8,-42,3
9,-42,3
10,-42,2
11,-42,3
12,-42,3
13,-42,3
14,-42,3
15,-42,3
16,-42,3
17,-42,3
18,-42,3
19,-42,3
20,-42,3
21,-42,3
22,-42,3
23,-42,2
24,-42,3
25,-42,3
26,-42,3
27,-42,0
28,-42,3
29,-42,3
30,-42,3
31,-42,3
32,-42,1
33,-42,2
34,-42,0
35,-42,0
36,-42,0
37,-42,0
38,-42,0
39,-42,0
40,-42,0
41,-42,0
42,-42,0
43,-42,0
44,-42,0
45,-42,0
46,-42,0
47,-42,0
48,-42,0
49,-42,0
50,-42,0
-50,-41,0
-49,-41,0
-48,-41,0
-47,-41,0
-46,-41,0
-45,-41,0
-44,-41,0
-43,-41,0
-42,-41,0
-41,-41,0
-40,-41,0
-39,-41,0
-38,-41,0
-37,-41,0
-36,-41,0
-35,-41,1
-34,-41,3
-33,-41,3
-32,-41,3
-31,-41,1
-30,-41,3
-29,-41,3
-28,-41,3
-27,-41,2
-26,-41,2
-25,-41,3
-24,-41,3
-23,-41,3
-22,-41,0
-21,-41,2
-20,-41,2
-19,-41,3
-18,-41,3
-17,-41,3
-16,-41,3
-15,-41,3
-14,-41,3
-13,-41,3
-12,-41,3
-11,-41,3
-10,-41,2
-9,-41,3
-8,-41,3
-7,-41,0
-6,-41,2
-5,-41,3
-4,-41,0
-3,-41,3
-2,-41,2
-1,-41,2
0,-41,3
1,-41,2
2,-41,2
3,-41,3
4,-41,0
5,-41,3
6,-41,2
7,-41,0
8,-41,3
9,-41,3
10,-41,2
11,-41,3
12,-41,3
13,-41,3
14,-41,3
15,-41,3
16,-41,3
17,-41,3
18,-41,3
19,-41,3
20,-41,2
21,-41,2
22,-41,0
23,-41,3
24,-41,3
25,-41,3
26,-41,2
27,-41,2
28,-41,3
29,-41,3
30,-41,3
31,-41,1
32,-41,3
33,-41,3
34,-41,3
35,-41,1
36,-41,0
37,-41,0
38,-41,0
39,-41,0
40,-41,0
41,-41,0
42,-41,0
43,-41,0
44,-41,0
45,-41,0
46,-41,0
47,-41,0
48,-41,0
49,-41,0
50,-41,0
-50,-40,0
-49,-40,0
-48,-40,0
-47,-40,0
-46,-40,0
-45,-40,0
-44,-40,0
-43,-40,0
-42,-40,0
-41,-40,0
-40,-40,0
-39,-40,0
-38,-40,0
-37,-40,0
-36,-40,2
-35,-40,1
-34,-40,3
-33,-40,3
-32,-40,3
-31,-40,3
-30,-40,1
-29,-40,3
-28,-40,3
-27,-40,3
-26,-40,0
-25,-40,3
-24,-40,3
-23,-40,3
-22,-40,2
-21,-40,0
-20,-40,3
-19,-40,0
-18,-40,2
-17,-40,3
-16,-40,3
-15,-40,3
-14,-40,3
-13,-40,3
-12,-40,3
-11,-40,3
-10,-40,2
-9,-40,3
-8,-40,2
-7,-40,3
-6,-40,2
-5,-40,2
-4,-40,2
-3,-40,2
-2,-40,3
-1,-40,0
0,-40,3
1,-40,0
2,-40,3
3,-40,2
4,-40,2
5,-40,2
6,-40,2
7,-40,3
8,-40,2
9,-40,3
10,-40,2
11,-40,3
12,-40,3
13,-40,3
14,-40,3
15,-40,3
16,-40,3
17,-40,3
18,-40,2
19,-40,0
20,-40,3
21,-40,0
22,-40,2
23,-40,3
24,-40,3
25,-40,3
26,-40,0
27,-40,3
28,-40,3
29,-40,3
30,-40,1
31,-40,3
32,-40,3
33,-40,3
34,-40,3
35,-40,1
36,-40,2
37,-40,0
38,-40,0
39,-40,0
40,-40,0
41,-40,0
42,-40,0
43,-40,0
44,-40,0
45,-40,0
46,-40,0
47,-40,0
48,-40,0
49,-40,0
50,-40,0
-50,-39,0
-49,-39,0
-48,-39,0
-47,-39,0
-46,-39,0
-45,-39,0
-44,-39,0
-43,-39,0
-42,-39,0
-41,-39,0
-40,-39,0
-39,-39,0
-38,-39,0
-37,-39,2
-36,-39,2
-35,-39,2
-34,-39,0
-33,-39,2
-32,-39,3
-31,-39,3
-30,-39,3
-29,-39,1
-28,-39,3
-27,-39,3
-26,-39,2
-25,-39,1
-24,-39,3
-23,-39,3
-22,-39,2
-21,-39,3
-20,-39,2
-19,-39,3
-18,-39,2
-17,-39,0
-16,-39,2
-15,-39,3
-14,-39,3
-13,-39,3
-12,-39,3
-11,-39,3
-10,-39,2
-9,-39,3
-8,-39,2
-7,-39,0
-6,-39,3
-5,-39,0
-4,-39,3
-3,-39,0
-2,-39,3
-1,-39,2
0,-39,0
1,-39,2
2,-39,3
3,-39,0
4,-39,3
5,-39,0
6,-39,3
7,-39,0
8,-39,2
9,-39,3
10,-39,2
11,-39,3
12,-39,3
13,-39,3
14,-39,3
15,-39,3
16,-39,2
17,-39,0
18,-39,2
19,-39,3
20,-39,2
21,-39,3
22,-39,2
23,-39,3
24,-39,3
25,-39,1
26,-39,2
27,-39,3
28,-39,3
29,-39,1
30,-39,3
31,-39,3
32,-39,3
33,-39,2
34,-39,0
35,-39,2
36,-39,2
37,-39,2
38,-39,0
39,-39,0
40,-39,0
41,-39,0
42,-39,0
43,-39,0
44,-39,0
45,-39,0
46,-39,0
47,-39,0
48,-39,0
49,-39,0
50,-39,0
-50,-38,0
-49,-38,0
-48,-38,0
-47,-38,0
-46,-38,0
-45,-38,0
-44,-38,0
-43,-38,0
-42,-38,0
-41,-38,0
-40,-38,0
-39,-38,0
-38,-38,2
-37,-38,3
-36,-38,3
-35,-38,3
-34,-38,3
-33,-38,2
-32,-38,0
-31,-38,2
-30,-38,2
-29,-38,2
-28,-38,0
-27,-38,2
-26,-38,1
-25,-38,3
-24,-38,1
-23,-38,3
-22,-38,3
-21,-38,0
-20,-38,3
-19,-38,0
-18,-38,2
-17,-38,3
-16,-38,3
-15,-38,1
-14,-38,3
-13,-38,3
-12,-38,3
-11,-38,3
-10,-38,2
-9,-38,3
-8,-38,0
-7,-38,2
-6,-38,2
-5,-38,3
-4,-38,3
-3,-38,3
-2,-38,2
-1,-38,2
0,-38,1
1,-38,2
2,-38,2
3,-38,3
4,-38,3
5,-38,3
6,-38,2
7,-38,2
8,-38,0
9,-38,3
10,-38,2
11,-38,3
12,-38,3
13,-38,3
14,-38,3
15,-38,1
16,-38,3
17,-38,3
18,-38,2
19,-38,0
20,-38,3
21,-38,0
22,-38,3
23,-38,3
24,-38,1
25,-38,3
26,-38,1
27,-38,2
28,-38,0
29,-38,2
30,-38,2
31,-38,2
32,-38,0
33,-38,2
34,-38,3
35,-38,3
36,-38,3
37,-38,3
38,-38,2
39,-38,0
40,-38,0
41,-38,0
42,-38,0
43,-38,0
44,-38,0
45,-38,0
46,-38,0
47,-38,0
48,-38,0
49,-38,0
50,-38,0
-50,-37,0
-49,-37,0
-48,-37,0
-47,-37,0
-46,-37,0
-45,-37,0
-44,-37,0
-43,-37,0
-42,-37,0
-41,-37,0
-40,-37,0
-39,-37,2
-38,-37,3
-37,-37,0
-36,-37,2
-35,-37,2
-34,-37,2
-33,-37,3
-32,-37,3
-31,-37,1
-30,-37,3
-29,-37,3
-28,-37,3
-27,-37,1
-26,-37,3
-25,-37,1
-24,-37,3
-23,-37,1
-22,-37,3
-21,-37,3
-20,-37,3
-19,-37,3
-18,-37,3
-17,-37,2
-16,-37,0
-15,-37,2
-14,-37,0
-13,-37,2
-12,-37,3
-11,-37,3
-10,-37,2
-9,-37,2
-8,-37,3
-7,-37,3
-6,-37,3
-5,-37,3
-4,-37,1
-3,-37,3
-2,-37,3
-1,-37,3
0,-37,2
1,-37,3
2,-37,3
3,-37,3
4,-37,1
5,-37,3
6,-37,3
7,-37,3
8,-37,3
9,-37,2
10,-37,2
11,-37,3
12,-37,3
13,-37,2
14,-37,0
15,-37,2
16,-37,0
17,-37,2
18,-37,3
19,-37,3
20,-37,3
21,-37,3
22,-37,3
23,-37,1
24,-37,3
25,-37,1
26,-37,3
27,-37,1
28,-37,3
29,-37,3
30,-37,3
31,-37,1
32,-37,3
33,-37,3
34,-37,2
35,-37,2
36,-37,2
37,-37,0
38,-37,3
39,-37,2
40,-37,0
41,-37,0
42,-37,0
43,-37,0
44,-37,0
45,-37,0
46,-37,0
47,-37,0
48,-37,0
49,-37,0
50,-37,0
-50,-36,0
-49,-36,0
-48,-36,0
-47,-36,0
-46,-36,0
-45,-36,0
-44,-36,0
-43,-36,0
-42,-36,0
-41,-36,0
-40,-36,2
-39,-36,2
-38,-36,3
-37,-36,2
-36,-36,0
-35,-36,2
-34,-36,3
-33,-36,0
-32,-36,2
-31,-36,2
-30,-36,0
-29,-36,2
-28,-36,3
-27,-36,3
-26,-36,1
-25,-36,3
-24,-36,1
-23,-36,3
-22,-36,3
-21,-36,2
-20,-36,0
-19,-36,3
-18,-36,0
-17,-36,2
-16,-36,3
-15,-36,1
-14,-36,3
-13,-36,3
-12,-36,2
-11,-36,3
-10,-36,2
-9,-36,2
-8,-36,2
-7,-36,2
-6,-36,2
-5,-36,0
-4,-36,2
-3,-36,1
-2,-36,2
-1,-36,2
0,-36,1
1,-36,2
2,-36,2
3,-36,1
4,-36,2
5,-36,0
6,-36,2
7,-36,2
8,-36,2
9,-36,2
10,-36,2
11,-36,3
12,-36,2
13,-36,3
14,-36,3
15,-36,1
16,-36,3
17,-36,2
18,-36,0
19,-36,3
20,-36,0
21,-36,2
22,-36,3
23,-36,3
24,-36,1
25,-36,3
26,-36,1
27,-36,3
28,-36,3
29,-36,2
30,-36,0
31,-36,2
32,-36,2
33,-36,0
34,-36,3
35,-36,2
36,-36,0
37,-36,2
38,-36,3
39,-36,2
40,-36,2
41,-36,0
42,-36,0
43,-36,0
44,-36,0
45,-36,0
46,-36,0
47,-36,0
48,-36,0
49,-36,0
50,-36,0
-50,-35,0
-49,-35,0
-48,-35,0
-47,-35,0
-46,-35,0
-45,-35,0
-44,-35,0
-43,-35,0
-42,-35,0
-41,-35,1
-40,-35,1
-39,-35,2
-38,-35,3
-37,-35,2
-36,-35,2
-35,-35,0
-34,-35,3
-33,-35,2
-32,-35,0
-31,-35,2
-30,-35,3
-29,-35,3
-28,-35,1
-27,-35,3
-26,-35,3
-25,-35,1
-24,-35,3
-23,-35,3
-22,-35,3
-21,-35,0
-20,-35,2
-19,-35,2
-18,-35,3
-17,-35,3
-16,-35,1
-15,-35,3
-14,-35,3
-13,-35,3
-12,-35,0
-11,-35,3
-10,-35,2
-9,-35,2
-8,-35,2
-7,-35,2
-6,-35,1
-5,-35,3
-4,-35,3
-3,-35,0
-2,-35,3
-1,-35,3
0,-35,2
1,-35,3
2,-35,3
3,-35,0
4,-35,3
5,-35,3
6,-35,1
7,-35,2
8,-35,2
9,-35,2
10,-35,2
11,-35,3
12,-35,0
13,-35,3
14,-35,3
15,-35,3
16,-35,1
17,-35,3
18,-35,3
19,-35,2
20,-35,2
21,-35,0
22,-35,3
23,-35,3
24,-35,3
25,-35,1
26,-35,3
27,-35,3
28,-35,1
29,-35,3
30,-35,3
31,-35,2
32,-35,0
33,-35,2
34,-35,3
35,-35,0
36,-35,2
37,-35,2
38,-35,3
39,-35,2
40,-35,1
41,-35,1
42,-35,0
43,-35,0
44,-35,0
45,-35,0
46,-35,0
47,-35,0
48,-35,0
49,-35,0
50,-35,0
-50,-34,0
-49,-34,0
-48,-34,0
-47,-34,0
-46,-34,0
-45,-34,0
-44,-34,0
-43,-34,0
-42,-34,0
-41,-34,3
-40,-34,3
-39,-34,0
-38,-34,3
-37,-34,2
-36,-34,3
-35,-34,3
-34,-34,2
-33,-34,3
-32,-34,3
-31,-34,3
-30,-34,2
-29,-34,0
-28,-34,2
-27,-34,0
-26,-34,2
-25,-34,3
-24,-34,3
-23,-34,3
-22,-34,2
-21,-34,3
-20,-34,3
-19,-34,3
-18,-34,3
-17,-34,1
-16,-34,3
-15,-34,3
-14,-34,3
-13,-34,2
-12,-34,3
-11,-34,2
-10,-34,3
-9,-34,3
-8,-34,3
-7,-34,3
-6,-34,2
-5,-34,3
-4,-34,2
-3,-34,2
-2,-34,2
-1,-34,3
0,-34,2
1,-34,3
2,-34,2
3,-34,2
4,-34,2
5,-34,3
6,-34,2
7,-34,3
8,-34,3
9,-34,3
10,-34,3
11,-34,2
12,-34,3
13,-34,2
14,-34,3
15,-34,3
16,-34,3
17,-34,1
18,-34,3
19,-34,3
20,-34,3
21,-34,3
22,-34,2
23,-34,3
24,-34,3
25,-34,3
26,-34,2
27,-34,0
28,-34,2
29,-34,0
30,-34,2
31,-34,3
32,-34,3
33,-34,3
34,-34,2
35,-34,3
36,-34,3
37,-34,2
38,-34,3
39,-34,0
40,-34,3
41,-34,3
42,-34,0
43,-34,0
44,-34,0
45,-34,0
46,-34,0
47,-34,0
48,-34,0
49,-34,0
50,-34,0
-50,-33,0
-49,-33,0
-48,-33,0
-47,-33,0
-46,-33,0
-45,-33,0
-44,-33,0
-43,-33,0
-42,-33,2
-41,-33,3
-40,-33,3
-39,-33,2
-38,-33,2
-37,-33,3
-36,-33,0
-35,-33,2
-34,-33,3
-33,-33,0
-32,-33,3
-31,-33,0
-30,-33,2
-29,-33,3
-28,-33,1
-27,-33,3
-26,-33,3
-25,-33,3
-24,-33,3
-23,-33,3
-22,-33,2
-21,-33,2
-20,-33,2
-19,-33,2
-18,-33,1
-17,-33,3
-16,-33,3
-15,-33,3
-14,-33,3
-13,-33,2
-12,-33,0
-11,-33,3
-10,-33,0
-9,-33,2
-8,-33,3
-7,-33,3
-6,-33,2
-5,-33,3
-4,-33,0
-3,-33,3
-2,-33,0
-1,-33,3
0,-33,2
1,-33,3
2,-33,0
3,-33,3
4,-33,0
5,-33,3
6,-33,2
7,-33,3
8,-33,3
9,-33,2
10,-33,0
11,-33,3
12,-33,0
13,-33,2
14,-33,3
15,-33,3
16,-33,3
17,-33,3
18,-33,1
19,-33,2
20,-33,2
21,-33,2
22,-33,2
23,-33,3
24,-33,3
25,-33,3
26,-33,3
27,-33,3
28,-33,1
29,-33,3
30,-33,2
31,-33,0
32,-33,3
33,-33,0
34,-33,3
35,-33,2
36,-33,0
37,-33,3
38,-33,2
39,-33,2
40,-33,3
41,-33,3
42,-33,2
43,-33,0
44,-33,0
45,-33,0
46,-33,0
47,-33,0
48,-33,0
49,-33,0
50,-33,0
-50,-32,0
-49,-32,0
-48,-32,0
-47,-32,0
-46,-32,0
-45,-32,0
-44,-32,0
-43,-32,1
-42,-32,1
-41,-32,3
-40,-32,3
-39,-32,3
-38,-32,0
-37,-32,3
-36,-32,2
-35,-32,0
-34,-32,3
-33,-32,3
-32,-32,2
-31,-32,3
-30,-32,3
-29,-32,1
-28,-32,3
-27,-32,3
-26,-32,3
-25,-32,3
-24,-32,3
-23,-32,3
-22,-32,2
-21,-32,2
-20,-32,2
-19,-32,2
-18,-32,1
-17,-32,3
-16,-32,3
-15,-32,3
-14,-32,3
-13,-32,0
-12,-32,2
-11,-32,2
-10,-32,3
-9,-32,3
-8,-32,2
-7,-32,3
-6,-32,2
-5,-32,2
-4,-32,3
-3,-32,3
-2,-32,3
-1,-32,2
0,-32,2
1,-32,2
2,-32,3
3,-32,3
4,-32,3
5,-32,2
6,-32,2
7,-32,3
8,-32,2
9,-32,3
10,-32,3
11,-32,2
12,-32,2
13,-32,0
14,-32,3
15,-32,3
16,-32,3
17,-32,3
18,-32,1
19,-32,2
20,-32,2
21,-32,2
22,-32,2
23,-32,3
24,-32,3
25,-32,3
26,-32,3
27,-32,3
28,-32,3
29,-32,1
30,-32,3
31,-32,3
32,-32,2
33,-32,3
34,-32,3
35,-32,0
36,-32,2
37,-32,3
38,-32,0
39,-32,3
40,-32,3
41,-32,3
42,-32,1
43,-32,1
44,-32,0
45,-32,0
46,-32,0
47,-32,0
48,-32,0
49,-32,0
50,-32,0
-50,-31,0
-49,-31,0
-48,-31,0
-47,-31,0
-46,-31,0
-45,-31,0
-44,-31,0
-43,-31,3
-42,-31,3
-41,-31,1
-40,-31,3
-39,-31,3
-38,-31,2
-37,-31,1
-36,-31,2
-35,-31,2
-34,-31,3
-33,-31,0
-32,-31,3
-31,-31,2
-30,-31,1
-29,-31,3
-28,-31,3
-27,-31,3
-26,-31,3
-25,-31,3
-24,-31,3
-23,-31,3
-22,-31,2
-21,-31,2
-20,-31,3
-19,-31,3
-18,-31,3
-17,-31,1
-16,-31,3
-15,-31,3
-14,-31,2
-13,-31,3
-12,-31,3
-11,-31,3
-10,-31,3
-9,-31,3
-8,-31,0
-7,-31,3
-6,-31,2
-5,-31,2
-4,-31,2
-3,-31,0
-2,-31,2
-1,-31,3
0,-31,3
1,-31,3
2,-31,2
3,-31,0
4,-31,2
5,-31,2
6,-31,2
7,-31,3
8,-31,0
9,-31,3
10,-31,3
11,-31,3
12,-31,3
13,-31,3
14,-31,2
15,-31,3
16,-31,3
17,-31,1
18,-31,3
19,-31,3
20,-31,3
21,-31,2
22,-31,2
23,-31,3
24,-31,3
25,-31,3
26,-31,3
27,-31,3
28,-31,3
29,-31,3
30,-31,1
31,-31,2
32,-31,3
33,-31,0
34,-31,3
35,-31,2
36,-31,2
37,-31,1
38,-31,2
39,-31,3
40,-31,3
41,-31,1
42,-31,3
43,-31,3
44,-31,0
45,-31,0
46,-31,0
47,-31,0
48,-31,0
49,-31,0
50,-31,0
-50,-30,0
-49,-30,0
-48,-30,0
-47,-30,0
-46,-30,0
-45,-30,0
-44,-30,2
-43,-30,3
-42,-30,3
-41,-30,3
-40,-30,1
-39,-30,3
-38,-30,2
-37,-30,3
-36,-30,0
-35,-30,3
-34,-30,2
-33,-30,2
-32,-30,3
-31,-30,1
-30,-30,0
-29,-30,2
-28,-30,2
-27,-30,2
-26,-30,3
-25,-30,3
-24,-30,3
-23,-30,3
-22,-30,2
-21,-30,3
-20,-30,0
-19,-30,2
-18,-30,3
-17,-30,3
-16,-30,1
-15,-30,3
-14,-30,2
-13,-30,2
-12,-30,2
-11,-30,2
-10,-30,2
-9,-30,1
-8,-30,2
-7,-30,2
-6,-30,2
-5,-30,2
-4,-30,1
-3,-30,3
-2,-30,3
-1,-30,1
0,-30,3
1,-30,1
2,-30,3
3,-30,3
4,-30,1
5,-30,2
6,-30,2
7,-30,2
8,-30,2
9,-30,1
10,-30,2
11,-30,2
12,-30,2
13,-30,2
14,-30,2
15,-30,3
16,-30,1
17,-30,3
18,-30,3
19,-30,2
20,-30,0
21,-30,3
22,-30,2
23,-30,3
24,-30,3
25,-30,3
26,-30,3
27,-30,2
28,-30,2
29,-30,2
30,-30,0
31,-30,1
32,-30,3
33,-30,2
34,-30,2
35,-30,3
36,-30,0
37,-30,3
38,-30,2
39,-30,3
40,-30,1
41,-30,3
42,-30,3
43,-30,3
44,-30,2
45,-30,0
46,-30,0
47,-30,0
48,-30,0
49,-30,0
50,-30,0
-50,-29,0
-49,-29,0
-48,-29,0
-47,-29,0
-46,-29,0
-45,-29,1
-44,-29,1
-43,-29,3
-42,-29,3
-41,-29,3
-40,-29,3
-39,-29,1
-38,-29,2
-37,-29,3
-36,-29,2
-35,-29,3
-34,-29,0
-33,-29,3
-32,-29,1
-31,-29,3
-30,-29,2
-29,-29,0
-28,-29,2
-27,-29,3
-26,-29,0
-25,-29,2
-24,-29,2
-23,-29,3
-22,-29,2
-21,-29,3
-20,-29,2
-19,-29,2
-18,-29,0
-17,-29,2
-16,-29,3
-15,-29,1
-14,-29,2
-13,-29,2
-12,-29,3
-11,-29,3
-10,-29,3
-9,-29,2
-8,-29,2
-7,-29,0
-6,-29,2
-5,-29,3
-4,-29,2
-3,-29,3
-2,-29,2
-1,-29,3
0,-29,0
1,-29,3
2,-29,2
3,-29,3
4,-29,2
5,-29,3
6,-29,2
7,-29,0
8,-29,2
9,-29,2
10,-29,3
11,-29,3
12,-29,3
13,-29,2
14,-29,2
15,-29,1
16,-29,3
17,-29,2
18,-29,0
19,-29,2
20,-29,2
21,-29,3
22,-29,2
23,-29,3
24,-29,2
25,-29,2
26,-29,0
27,-29,3
28,-29,2
29,-29,0
30,-29,2
31,-29,3
32,-29,1
33,-29,3
34,-29,0
35,-29,3
36,-29,2
37,-29,3
38,-29,2
39,-29,1
40,-29,3
41,-29,3
42,-29,3
43,-29,3
44,-29,1
45,-29,1
46,-29,0
47,-29,0
48,-29,0
49,-29,0
50,-29,0
-50,-28,0
-49,-28,0
-48,-28,0
-47,-28,0
-46,-28,0
-45,-28,3
-44,-28,3
-43,-28,1
-42,-28,3
-41,-28,3
-40,-28,3
-39,-28,3
-38,-28,0
-37,-28,3
-36,-28,3
-35,-28,1
-34,-28,2
-33,-28,1
-32,-28,3
-31,-28,3
-30,-28,2
-29,-28,2
-28,-28,0
-27,-28,3
-26,-28,2
-25,-28,0
-24,-28,3
-23,-28,0
-22,-28,1
-21,-28,3
-20,-28,3
-19,-28,0
-18,-28,2
-17,-28,2
-16,-28,1
-15,-28,3
-14,-28,0
-13,-28,3
-12,-28,0
-11,-28,2
-10,-28,3
-9,-28,2
-8,-28,1
-7,-28,3
-6,-28,3
-5,-28,2
-4,-28,2
-3,-28,3
-2,-28,0
-1,-28,3
0,-28,1
1,-28,3
2,-28,0
3,-28,3
4,-28,2
5,-28,2
6,-28,3
7,-28,3
8,-28,1
9,-28,2
10,-28,3
11,-28,2
12,-28,0
13,-28,3
14,-28,0
15,-28,3
16,-28,1
17,-28,2
18,-28,2
19,-28,0
20,-28,3
21,-28,3
22,-28,1
23,-28,0
24,-28,3
25,-28,0
26,-28,2
27,-28,3
28,-28,0
29,-28,2
30,-28,2
31,-28,3
32,-28,3
33,-28,1
34,-28,2
35,-28,1
36,-28,3
37,-28,3
38,-28,0
39,-28,3
40,-28,3
41,-28,3
42,-28,3
43,-28,1
44,-28,3
45,-28,3
46,-28,0
47,-28,0
48,-28,0
49,-28,0
50,-28,0
-50,-27,0
-49,-27,0
-48,-27,0
-47,-27,0
-46,-27,1
-45,-27,2
-44,-27,2
-43,-27,2
-42,-27,0
-41,-27,2
-40,-27,3
-39,-27,3
-38,-27,2
-37,-27,1
-36,-27,3
-35,-27,3
-34,-27,0
-33,-27,3
-32,-27,3
-31,-27,3
-30,-27,2
-29,-27,3
-28,-27,3
-27,-27,2
-26,-27,3
-25,-27,3
-24,-27,3
-23,-27,3
-22,-27,1
-21,-27,1
-20,-27,3
-19,-27,3
-18,-27,3
-17,-27,3
-16,-27,1
-15,-27,1
-14,-27,2
-13,-27,2
-12,-27,3
-11,-27,3
-10,-27,2
-9,-27,3
-8,-27,2
-7,-27,3
-6,-27,3
-5,-27,0
-4,-27,2
-3,-27,2
-2,-27,3
-1,-27,3
0,-27,2
1,-27,3
2,-27,3
3,-27,2
4,-27,2
5,-27,0
6,-27,3
7,-27,3
8,-27,2
9,-27,3
10,-27,2
11,-27,3
12,-27,3
13,-27,2
14,-27,2
15,-27,1
16,-27,1
17,-27,3
18,-27,3
19,-27,3
20,-27,3
21,-27,1
22,-27,1
23,-27,3
24,-27,3
25,-27,3
26,-27,3
27,-27,2
28,-27,3
29,-27,3
30,-27,2
31,-27,3
32,-27,3
33,-27,3
34,-27,0
35,-27,3
36,-27,3
37,-27,1
38,-27,2
39,-27,3
40,-27,3
41,-27,2
42,-27,0
43,-27,2
44,-27,2
45,-27,2
46,-27,1
47,-27,0
48,-27,0
49,-27,0
50,-27,0
-50,-26,0
-49,-26,0
-48,-26,0
-47,-26,0
-46,-26,3
-45,-26,3
-44,-26,3
-43,-26,3
-42,-26,3
-41,-26,2
-40,-26,0
-39,-26,2
-38,-26,1
-37,-26,3
-36,-26,1
-35,-26,3
-34,-26,2
-33,-26,3
-32,-26,3
-31,-26,3
-30,-26,3
-29,-26,0
-28,-26,2
-27,-26,3
-26,-26,0
-25,-26,3
-24,-26,0
-23,-26,2
-22,-26,3
-21,-26,2
-20,-26,3
-19,-26,2
-18,-26,2
-17,-26,1
-16,-26,3
-15,-26,2
-14,-26,3
-13,-26,3
-12,-26,3
-11,-26,3
-10,-26,2
-9,-26,0
-8,-26,1
-7,-26,3
-6,-26,2
-5,-26,3
-4,-26,2
-3,-26,3
-2,-26,3
-1,-26,1
0,-26,1
1,-26,1
2,-26,3
3,-26,3
4,-26,2
5,-26,3
6,-26,2
7,-26,3
8,-26,1
9,-26,0
10,-26,2
11,-26,3
12,-26,3
13,-26,3
14,-26,3
15,-26,2
16,-26,3
17,-26,1
18,-26,2
19,-26,2
20,-26,3
21,-26,2
22,-26,3
23,-26,2
24,-26,0
25,-26,3
26,-26,0
27,-26,3
28,-26,2
29,-26,0
30,-26,3
31,-26,3
32,-26,3
33,-26,3
34,-26,2
35,-26,3
36,-26,1
37,-26,3
38,-26,1
39,-26,2
40,-26,0
41,-26,2
42,-26,3
43,-26,3
44,-26,3
45,-26,3
46,-26,3
47,-26,0
48,-26,0
49,-26,0
50,-26,0
-50,-25,0
-49,-25,0
-48,-25,0
-47,-25,2
-46,-25,3
-45,-25,3
-44,-25,3
-43,-25,3
-42,-25,3
-41,-25,3
-40,-25,3
-39,-25,1
-38,-25,3
-37,-25,1
-36,-25,3
-35,-25,1
-34,-25,3
-33,-25,3
-32,-25,3
-31,-25,3
-30,-25,3
-29,-25,2
-28,-25,0
-27,-25,3
-26,-25,3
-25,-25,2
-24,-25,3
-23,-25,3
-22,-25,3
-21,-25,2
-20,-25,3
-19,-25,2
-18,-25,2
-17,-25,1
-16,-25,3
-15,-25,3
-14,-25,0
-13,-25,2
-12,-25,3
-11,-25,3
-10,-25,1
-9,-25,3
-8,-25,2
-7,-25,2
-6,-25,3
-5,-25,3
-4,-25,0
-3,-25,3
-2,-25,2
-1,-25,3
0,-25,3
1,-25,3
2,-25,2
3,-25,3
4,-25,0
5,-25,3
6,-25,3
7,-25,2
8,-25,2
9,-25,3
10,-25,1
11,-25,3
12,-25,3
13,-25,2
14,-25,0
15,-25,3
16,-25,3
17,-25,1
18,-25,2
19,-25,2
20,-25,3
21,-25,2
22,-25,3
23,-25,3
24,-25,3
25,-25,2
26,-25,3
27,-25,3
28,-25,0
29,-25,2
30,-25,3
31,-25,3
32,-25,3
33,-25,3
34,-25,3
35,-25,1
36,-25,3
37,-25,1
38,-25,3
39,-25,1
40,-25,3
41,-25,3
42,-25,3
43,-25,3
44,-25,3
45,-25,3
46,-25,3
47,-25,2
48,-25,0
49,-25,0
50,-25,0
-50,-24,0
-49,-24,0
-48,-24,1
-47,-24,1
-46,-24,3
-45,-24,3
-44,-24,3
-43,-24,3
-42,-24,3
-41,-24,3
-40,-24,3
-39,-24,3
-38,-24,1
-37,-24,3
-36,-24,1
-35,-24,3
-34,-24,3
-33,-24,3
-32,-24,3
-31,-24,3
-30,-24,3
-29,-24,2
-28,-24,3
-27,-24,3
-26,-24,0
-25,-24,3
-24,-24,2
-23,-24,2
-22,-24,2
-21,-24,1
-20,-24,3
-19,-24,2
-18,-24,2
-17,-24,3
-16,-24,1
-15,-24,3
-14,-24,3
-13,-24,3
-12,-24,1
-11,-24,3
-10,-24,1
-9,-24,3
-8,-24,3
-7,-24,3
-6,-24,2
-5,-24,2
-4,-24,3
-3,-24,3
-2,-24,3
-1,-24,1
0,-24,3
1,-24,1
2,-24,3
3,-24,3
4,-24,3
5,-24,2
6,-24,2
7,-24,3
8,-24,3
9,-24,3
10,-24,1
11,-24,3
12,-24,1
13,-24,3
14,-24,3
15,-24,3
16,-24,1
17,-24,3
18,-24,2
19,-24,2
20,-24,3
21,-24,1
22,-24,2
23,-24,2
24,-24,2
25,-24,3
26,-24,0
27,-24,3
28,-24,3
29,-24,2
30,-24,3
31,-24,3
32,-24,3
33,-24,3
34,-24,3
35,-24,3
36,-24,1
37,-24,3
38,-24,1
39,-24,3
40,-24,3
41,-24,3
42,-24,3
43,-24,3
44,-24,3
45,-24,3
46,-24,3
47,-24,1
48,-24,1
49,-24,0
50,-24,0
-50,-23,0
-49,-23,0
-48,-23,3
-47,-23,3
-46,-23,1
-45,-23,2
-44,-23,2
-43,-23,2
-42,-23,2
-41,-23,3
-40,-23,3
-39,-23,3
-38,-23,3
-37,-23,1
-36,-23,3
-35,-23,3
-34,-23,3
-33,-23,3
-32,-23,3
-31,-23,3
-30,-23,3
-29,-23,3
-28,-23,0
-27,-23,3
-26,-23,2
-25,-23,3
-24,-23,2
-23,-23,2
-22,-23,3
-21,-23,3
-20,-23,1
-19,-23,1
-18,-23,3
-17,-23,1
-16,-23,3
-15,-23,3
-14,-23,2
-13,-23,1
-12,-23,3
-11,-23,2
-10,-23,3
-9,-23,3
-8,-23,0
-7,-23,2
-6,-23,0
-5,-23,2
-4,-23,2
-3,-23,1
-2,-23,1
-1,-23,3
0,-23,0
1,-23,3
2,-23,1
3,-23,1
4,-23,2
5,-23,2
6,-23,0
7,-23,2
8,-23,0
9,-23,3
10,-23,3
11,-23,2
12,-23,3
13,-23,1
14,-23,2
15,-23,3
16,-23,3
17,-23,1
18,-23,3
19,-23,1
20,-23,1
21,-23,3
22,-23,3
23,-23,2
24,-23,2
25,-23,3
26,-23,2
27,-23,3
28,-23,0
29,-23,3
30,-23,3
31,-23,3
32,-23,3
33,-23,3
34,-23,3
35,-23,3
36,-23,3
37,-23,1
38,-23,3
39,-23,3
40,-23,3
41,-23,3
42,-23,2
43,-23,2
44,-23,2
45,-23,2
46,-23,1
47,-23,3
48,-23,3
49,-23,0
50,-23,0
-50,-22,0
-49,-22,1
-48,-22,2
-47,-22,2
-46,-22,1
-45,-22,2
-44,-22,2
-43,-22,2
-42,-22,3
-41,-22,0
-40,-22,2
-39,-22,2
-38,-22,3
-37,-22,3
-36,-22,3
-35,-22,3
-34,-22,2
-33,-22,2
-32,-22,2
-31,-22,2
-30,-22,2
-29,-22,2
-28,-22,1
-27,-22,1
-26,-22,3
-25,-22,3
-24,-22,2
-23,-22,3
-22,-22,0
-21,-22,2
-20,-22,1
-19,-22,3
-18,-22,3
-17,-22,1
-16,-22,3
-15,-22,3
-14,-22,2
-13,-22,1
-12,-22,3
-11,-22,3
-10,-22,3
-9,-22,2
-8,-22,3
-7,-22,2
-6,-22,1
-5,-22,1
-4,-22,3
-3,-22,1
-2,-22,3
-1,-22,3
0,-22,2
1,-22,3
2,-22,3
3,-22,1
4,-22,3
5,-22,1
6,-22,1
7,-22,2
8,-22,3
9,-22,2
10,-22,3
11,-22,3
12,-22,3
13,-22,1
14,-22,2
15,-22,3
16,-22,3
17,-22,1
18,-22,3
19,-22,3
20,-22,1
21,-22,2
22,-22,0
23,-22,3
24,-22,2
25,-22,3
26,-22,3
27,-22,1
28,-22,1
29,-22,2
30,-22,2
31,-22,2
32,-22,2
33,-22,2
34,-22,2
35,-22,3
36,-22,3
37,-22,3
38,-22,3
39,-22,2
40,-22,2
41,-22,0
42,-22,3
43,-22,2
44,-22,2
45,-22,2
46,-22,1
47,-22,2
48,-22,2
49,-22,1
50,-22,0
-50,-21,0
-49,-21,3
-48,-21,3
-47,-21,3
-46,-21,1
-45,-21,2
-44,-21,2
-43,-21,2
-42,-21,3
-41,-21,2
-40,-21,0
-39,-21,3
-38,-21,0
-37,-21,3
-36,-21,2
-35,-21,0
-34,-21,3
-33,-21,2
-32,-21,2
-31,-21,2
-30,-21,3
-29,-21,3
-28,-21,3
-27,-21,1
-26,-21,2
-25,-21,2
-24,-21,1
-23,-21,3
-22,-21,2
-21,-21,0
-20,-21,3
-19,-21,3
-18,-21,3
-17,-21,2
-16,-21,0
-15,-21,2
-14,-21,2
-13,-21,3
-12,-21,3
-11,-21,1
-10,-21,3
-9,-21,3
-8,-21,3
-7,-21,1
-6,-21,2
-5,-21,3
-4,-21,3
-3,-21,2
-2,-21,2
-1,-21,2
0,-21,3
1,-21,2
2,-21,2
3,-21,2
4,-21,3
5,-21,3
6,-21,2
7,-21,1
8,-21,3
9,-21,3
10,-21,3
11,-21,1
12,-21,3
13,-21,3
14,-21,2
15,-21,2
16,-21,0
17,-21,2
18,-21,3
19,-21,3
20,-21,3
21,-21,0
22,-21,2
23,-21,3
24,-21,1
25,-21,2
26,-21,2
27,-21,1
28,-21,3
29,-21,3
30,-21,3
31,-21,2
32,-21,2
33,-21,2
34,-21,3
35,-21,0
36,-21,2
37,-21,3
38,-21,0
39,-21,3
40,-21,0
41,-21,2
42,-21,3
43,-21,2
44,-21,2
45,-21,2
46,-21,1
47,-21,3
48,-21,3
49,-21,3
50,-21,0
-50,-20,1
-49,-20,2
-48,-20,2
-47,-20,0
-46,-20,2
-45,-20,2
-44,-20,2
-43,-20,2
-42,-20,3
-41,-20,2
-40,-20,3
-39,-20,2
-38,-20,3
-37,-20,3
-36,-20,0
-35,-20,2
-34,-20,3
-33,-20,2
-32,-20,2
-31,-20,3
-30,-20,0
-29,-20,2
-28,-20,3
-27,-20,3
-26,-20,3
-25,-20,3
-24,-20,3
-23,-20,1
-22,-20,1
-21,-20,3
-20,-20,0
-19,-20,2
-18,-20,3
-17,-20,2
-16,-20,3
-15,-20,3
-14,-20,2
-13,-20,2
-12,-20,2
-11,-20,0
-10,-20,2
-9,-20,0
-8,-20,3
-7,-20,2
-6,-20,2
-5,-20,1
-4,-20,2
-3,-20,3
-2,-20,2
-1,-20,3
0,-20,0
1,-20,3
2,-20,2
3,-20,3
4,-20,2
5,-20,1
6,-20,2
7,-20,2
8,-20,3
9,-20,0
10,-20,2
11,-20,0
12,-20,2
13,-20,2
14,-20,2
15,-20,3
16,-20,3
17,-20,2
18,-20,3
19,-20,2
20,-20,0
21,-20,3
22,-20,1
23,-20,1
24,-20,3
25,-20,3
26,-20,3
27,-20,3
28,-20,3
29,-20,2
30,-20,0
31,-20,3
32,-20,2
33,-20,2
34,-20,3
35,-20,2
36,-20,0
37,-20,3
38,-20,3
39,-20,2
40,-20,3
41,-20,2
42,-20,3
43,-20,2
44,-20,2
45,-20,2
46,-20,2
47,-20,0
48,-20,2
49,-20,2
50,-20,1
-50,-19,3
-49,-19,2
-48,-19,0
-47,-19,2
-46,-19,2
-45,-19,2
-44,-19,2
-43,-19,2
-42,-19,3
-41,-19,3
-40,-19,0
-39,-19,3
-38,-19,0
-37,-19,3
-36,-19,3
-35,-19,2
-34,-19,3
-33,-19,2
-32,-19,2
-31,-19,3
-30,-19,2
-29,-19,2
-28,-19,0
-27,-19,3
-26,-19,2
-25,-19,2
-24,-19,2
-23,-19,1
-22,-19,3
-21,-19,3
-20,-19,2
-19,-19,2
-18,-19,1
-17,-19,3
-16,-19,2
-15,-19,2
-14,-19,1
-13,-19,2
-12,-19,3
-11,-19,3
-10,-19,2
-9,-19,3
-8,-19,2
-7,-19,0
-6,-19,3
-5,-19,3
-4,-19,2
-3,-19,2
-2,-19,1
-1,-19,3
0,-19,3
1,-19,3
2,-19,1
3,-19,2
4,-19,2
5,-19,3
6,-19,3
7,-19,0
8,-19,2
9,-19,3
10,-19,2
11,-19,3
12,-19,3
13,-19,2
14,-19,1
15,-19,2
16,-19,2
17,-19,3
18,-19,1
19,-19,2
20,-19,2
21,-19,3
22,-19,3
23,-19,1
24,-19,2
25,-19,2
26,-19,2
27,-19,3
28,-19,0
29,-19,2
30,-19,2
31,-19,3
32,-19,2
33,-19,2
34,-19,3
35,-19,2
36,-19,3
37,-19,3
38,-19,0
39,-19,3
40,-19,0
41,-19,3
42,-19,3
43,-19,2
44,-19,2
45,-19,2
46,-19,2
47,-19,2
48,-19,0
49,-19,2
50,-19,3
-50,-18,0
-49,-18,2
-48,-18,3
-47,-18,3
-46,-18,3
-45,-18,3
-44,-18,2
-43,-18,2
-42,-18,3
-41,-18,3
-40,-18,2
-39,-18,2
-38,-18,2
-37,-18,3
-36,-18,0
-35,-18,3
-34,-18,3
-33,-18,1
-32,-18,1
-31,-18,3
-30,-18,3
-29,-18,0
-28,-18,2
-27,-18,3
-26,-18,2
-25,-18,2
-24,-18,2
-23,-18,3
-22,-18,3
-21,-18,3
-20,-18,3
-19,-18,1
-18,-18,0
-17,-18,2
-16,-18,1
-15,-18,2
-14,-18,3
-13,-18,2
-12,-18,3
-11,-18,3
-10,-18,2
-9,-18,3
-8,-18,1
-7,-18,3
-6,-18,2
-5,-18,1
-4,-18,1
-3,-18,2
-2,-18,3
-1,-18,3
0,-18,0
1,-18,3
2,-18,3
3,-18,2
4,-18,1
5,-18,1
6,-18,2
7,-18,3
8,-18,1
9,-18,3
10,-18,2
11,-18,3
12,-18,3
13,-18,2
14,-18,3
15,-18,2
16,-18,1
17,-18,2
18,-18,0
19,-18,1
20,-18,3
21,-18,3
22,-18,3
23,-18,3
24,-18,2
25,-18,2
26,-18,2
27,-18,3
28,-18,2
29,-18,0
30,-18,3
31,-18,3
32,-18,1
33,-18,1
34,-18,3
35,-18,3
36,-18,0
37,-18,3
38,-18,2
39,-18,2
40,-18,2
41,-18,3
42,-18,3
43,-18,2
44,-18,2
45,-18,3
46,-18,3
47,-18,3
48,-18,3
49,-18,2
50,-18,0
-50,-17,3
-49,-17,3
-48,-17,2
-47,-17,2
-46,-17,2
-45,-17,0
-44,-17,3
-43,-17,2
-42,-17,3
-41,-17,3
-40,-17,3
-39,-17,0
-38,-17,3
-37,-17,2
-36,-17,2
-35,-17,3
-34,-17,1
-33,-17,3
-32,-17,3
-31,-17,1
-30,-17,3
-29,-17,2
-28,-17,2
-27,-17,3
-26,-17,1
-25,-17,1
-24,-17,3
-23,-17,1
-22,-17,1
-21,-17,2
-20,-17,2
-19,-17,3
-18,-17,2
-17,-17,0
-16,-17,2
-15,-17,1
-14,-17,2
-13,-17,3
-12,-17,2
-11,-17,0
-10,-17,3
-9,-17,2
-8,-17,3
-7,-17,1
-6,-17,1
-5,-17,3
-4,-17,1
-3,-17,2
-2,-17,3
-1,-17,2
0,-17,3
1,-17,2
2,-17,3
3,-17,2
4,-17,1
5,-17,3
6,-17,1
7,-17,1
8,-17,3
9,-17,2
10,-17,3
11,-17,0
12,-17,2
13,-17,3
14,-17,2
15,-17,1
16,-17,2
17,-17,0
18,-17,2
19,-17,3
20,-17,2
21,-17,2
22,-17,1
23,-17,1
24,-17,3
25,-17,1
26,-17,1
27,-17,3
28,-17,2
29,-17,2
30,-17,3
31,-17,1
32,-17,3
33,-17,3
34,-17,1
35,-17,3
36,-17,2
37,-17,2
38,-17,3
39,-17,0
40,-17,3
41,-17,3
42,-17,3
43,-17,2
44,-17,3
45,-17,0
46,-17,2
47,-17,2
48,-17,2
49,-17,3
50,-17,3
-50,-16,2
-49,-16,0
-48,-16,3
-47,-16,2
-46,-16,0
-45,-16,2
-44,-16,3
-43,-16,2
-42,-16,3
-41,-16,3
-40,-16,3
-39,-16,2
-38,-16,3
-37,-16,0
-36,-16,3
-35,-16,1
-34,-16,3
-33,-16,3
-32,-16,3
-31,-16,3
-30,-16,1
-29,-16,3
-28,-16,1
-27,-16,1
-26,-16,3
-25,-16,3
-24,-16,1
-23,-16,3
-22,-16,3
-21,-16,0
-20,-16,3
-19,-16,2
-18,-16,1
-17,-16,2
-16,-16,2
-15,-16,3
-14,-16,2
-13,-16,3
-12,-16,3
-11,-16,3
-10,-16,3
-9,-16,0
-8,-16,3
-7,-16,2
-6,-16,2
-5,-16,0
-4,-16,2
-3,-16,2
-2,-16,1
-1,-16,2
0,-16,1
1,-16,2
2,-16,1
3,-16,2
4,-16,2
5,-16,0
6,-16,2
7,-16,2
8,-16,3
9,-16,0
10,-16,3
11,-16,3
12,-16,3
13,-16,3
14,-16,2
15,-16,3
16,-16,2
17,-16,2
18,-16,1
19,-16,2
20,-16,3
21,-16,0
22,-16,3
23,-16,3
24,-16,1
25,-16,3
26,-16,3
27,-16,1
28,-16,1
29,-16,3
30,-16,1
31,-16,3
32,-16,3
33,-16,3
34,-16,3
35,-16,1
36,-16,3
37,-16,0
38,-16,3
39,-16,2
40,-16,3
41,-16,3
42,-16,3
43,-16,2
44,-16,3
45,-16,2
46,-16,0
47,-16,2
48,-16,3
49,-16,0
50,-16,2
-50,-15,0
-49,-15,2
-48,-15,3
-47,-15,0
-46,-15,2
-45,-15,2
-44,-15,3
-43,-15,2
-42,-15,3
-41,-15,3
-40,-15,3
-39,-15,3
-38,-15,1
-37,-15,2
-36,-15,1
-35,-15,3
-34,-15,3
-33,-15,3
-32,-15,3
-31,-15,3
-30,-15,3
-29,-15,1
-28,-15,3
-27,-15,1
-26,-15,2
-25,-15,3
-24,-15,3
-23,-15,3
-22,-15,3
-21,-15,2
-20,-15,3
-19,-15,2
-18,-15,2
-17,-15,1
-16,-15,3
-15,-15,2
-14,-15,3
-13,-15,2
-12,-15,1
-11,-15,1
-10,-15,3
-9,-15,3
-8,-15,3
-7,-15,3
-6,-15,2
-5,-15,3
-4,-15,3
-3,-15,1
-2,-15,2
-1,-15,1
0,-15,0
1,-15,1
2,-15,2
3,-15,1
4,-15,3
5,-15,3
6,-15,2
7,-15,3
8,-15,3
9,-15,3
10,-15,3
11,-15,1
12,-15,1
13,-15,2
14,-15,3
15,-15,2
16,-15,3
17,-15,1
18,-15,2
19,-15,2
20,-15,3
21,-15,2
22,-15,3
23,-15,3
24,-15,3
25,-15,3
26,-15,2
27,-15,1
28,-15,3
29,-15,1
30,-15,3
31,-15,3
32,-15,3
33,-15,3
34,-15,3
35,-15,3
36,-15,1
37,-15,2
38,-15,1
39,-15,3
40,-15,3
41,-15,3
42,-15,3
43,-15,2
44,-15,3
45,-15,2
46,-15,2
47,-15,0
48,-15,3
49,-15,2
50,-15,0
-50,-14,3
-49,-14,3
-48,-14,2
-47,-14,3
-46,-14,3
-45,-14,2
-44,-14,3
-43,-14,2
-42,-14,3
-41,-14,3
-40,-14,3
-39,-14,3
-38,-14,3
-37,-14,0
-36,-14,3
-35,-14,3
-34,-14,3
-33,-14,3
-32,-14,3
-31,-14,2
-30,-14,2
-29,-14,2
-28,-14,0
-27,-14,2
-26,-14,3
-25,-14,0
-24,-14,3
-23,-14,2
-22,-14,2
-21,-14,2
-20,-14,2
-19,-14,1
-18,-14,3
-17,-14,2
-16,-14,2
-15,-14,3
-14,-14,2
-13,-14,2
-12,-14,3
-11,-14,3
-10,-14,3
-9,-14,1
-8,-14,0
-7,-14,3
-6,-14,3
-5,-14,3
-4,-14,2
-3,-14,3
-2,-14,3
-1,-14,3
0,-14,2
1,-14,3
2,-14,3
3,-14,3
4,-14,2
5,-14,3
6,-14,3
7,-14,3
8,-14,0
9,-14,1
10,-14,3
11,-14,3
12,-14,3
13,-14,2
14,-14,2
15,-14,3
16,-14,2
17,-14,2
18,-14,3
19,-14,1
20,-14,2
21,-14,2
22,-14,2
23,-14,2
24,-14,3
25,-14,0
26,-14,3
27,-14,2
28,-14,0
29,-14,2
30,-14,2
31,-14,2
32,-14,3
33,-14,3
34,-14,3
35,-14,3
36,-14,3
37,-14,0
38,-14,3
39,-14,3
40,-14,3
41,-14,3
42,-14,3
43,-14,2
44,-14,3
45,-14,2
46,-14,3
47,-14,3
48,-14,2
49,-14,3
50,-14,3
-50,-13,2
-49,-13,0
-48,-13,3
-47,-13,2
-46,-13,0
-45,-13,3
-44,-13,3
-43,-13,2
-42,-13,3
-41,-13,3
-40,-13,3
-39,-13,3
-38,-13,3
-37,-13,2
-36,-13,3
-35,-13,3
-34,-13,2
-33,-13,2
-32,-13,0
-31,-13,3
-30,-13,2
-29,-13,2
-28,-13,3
-27,-13,2
-26,-13,3
-25,-13,2
-24,-13,3
-23,-13,1
-22,-13,1
-21,-13,3
-20,-13,2
-19,-13,2
-18,-13,2
-17,-13,3
-16,-13,3
-15,-13,2
-14,-13,2
-13,-13,0
-12,-13,3
-11,-13,3
-10,-13,0
-9,-13,3
-8,-13,3
-7,-13,2
-6,-13,3
-5,-13,0
-4,-13,2
-3,-13,2
-2,-13,3
-1,-13,2
0,-13,3
1,-13,2
2,-13,3
3,-13,2
4,-13,2
5,-13,0
6,-13,3
7,-13,2
8,-13,3
9,-13,3
10,-13,0
11,-13,3
12,-13,3
13,-13,0
14,-13,2
15,-13,2
16,-13,3
17,-13,3
18,-13,2
19,-13,2
20,-13,2
21,-13,3
22,-13,1
23,-13,1
24,-13,3
25,-13,2
26,-13,3
27,-13,2
28,-13,3
29,-13,2
30,-13,2
31,-13,3
32,-13,0
33,-13,2
34,-13,2
35,-13,3
36,-13,3
37,-13,2
38,-13,3
39,-13,3
40,-13,3
41,-13,3
42,-13,3
43,-13,2
44,-13,3
45,-13,3
46,-13,0
47,-13,2
48,-13,3
49,-13,0
50,-13,2
-50,-12,0
-49,-12,2
-48,-12,3
-47,-12,0
-46,-12,2
-45,-12,3
-44,-12,3
-43,-12,2
-42,-12,3
-41,-12,3
-40,-12,3
-39,-12,3
-38,-12,3
-37,-12,3
-36,-12,2
-35,-12,0
-34,-12,3
-33,-12,0
-32,-12,2
-31,-12,3
-30,-12,2
-29,-12,3
-28,-12,0
-27,-12,3
-26,-12,3
-25,-12,3
-24,-12,1
-23,-12,3
-22,-12,3
-21,-12,3
-20,-12,2
-19,-12,3
-18,-12,3
-17,-12,2
-16,-12,3
-15,-12,1
-14,-12,3
-13,-12,3
-12,-12,2
-11,-12,2
-10,-12,3
-9,-12,2
-8,-12,2
-7,-12,3
-6,-12,3
-5,-12,3
-4,-12,2
-3,-12,3
-2,-12,2
-1,-12,1
0,-12,0
1,-12,1
2,-12,2
3,-12,3
4,-12,2
5,-12,3
6,-12,3
7,-12,3
8,-12,2
9,-12,2
10,-12,3
11,-12,2
12,-12,2
13,-12,3
14,-12,3
15,-12,1
16,-12,3
17,-12,2
18,-12,3
19,-12,3
20,-12,2
21,-12,3
22,-12,3
23,-12,3
24,-12,1
25,-12,3
26,-12,3
27,-12,3
28,-12,0
29,-12,3
30,-12,2
31,-12,3
32,-12,2
33,-12,0
34,-12,3
35,-12,0
36,-12,2
37,-12,3
38,-12,3
39,-12,3
40,-12,3
41,-12,3
42,-12,3
43,-12,2
44,-12,3
45,-12,3
46,-12,2
47,-12,0
48,-12,3
49,-12,2
50,-12,0
-50,-11,3
-49,-11,2
-48,-11,2
-47,-11,2
-46,-11,2
-45,-11,3
-44,-11,3
-43,-11,2
-42,-11,3
-41,-11,3
-40,-11,3
-39,-11,3
-38,-11,3
-37,-11,3
-36,-11,3
-35,-11,3
-34,-11,2
-33,-11,3
-32,-11,2
-31,-11,3
-30,-11,2
-29,-11,3
-28,-11,2
-27,-11,3
-26,-11,3
-25,-11,3
-24,-11,3
-23,-11,2
-22,-11,3
-21,-11,1
-20,-11,0
-19,-11,3
-18,-11,3
-17,-11,0
-16,-11,3
-15,-11,1
-14,-11,3
-13,-11,3
-12,-11,2
-11,-11,2
-10,-11,3
-9,-11,2
-8,-11,2
-7,-11,0
-6,-11,3
-5,-11,3
-4,-11,3
-3,-11,0
-2,-11,3
-1,-11,2
0,-11,2
1,-11,2
2,-11,3
3,-11,0
4,-11,3
5,-11,3
6,-11,3
7,-11,0
8,-11,2
9,-11,2
10,-11,3
11,-11,2
12,-11,2
13,-11,3
14,-11,3
15,-11,1
16,-11,3
17,-11,0
18,-11,3
19,-11,3
20,-11,0
21,-11,1
22,-11,3
23,-11,2
24,-11,3
25,-11,3
26,-11,3
27,-11,3
28,-11,2
29,-11,3
30,-11,2
31,-11,3
32,-11,2
33,-11,3
34,-11,2
35,-11,3
36,-11,3
37,-11,3
38,-11,3
39,-11,3
40,-11,3
41,-11,3
42,-11,3
43,-11,2
44,-11,3
45,-11,3
46,-11,2
47,-11,2
48,-11,2
49,-11,2
50,-11,3
-50,-10,0
-49,-10,3
-48,-10,0
-47,-10,3
-46,-10,2
-45,-10,3
-44,-10,3
-43,-10,1
-42,-10,2
-41,-10,2
-40,-10,2
-39,-10,2
-38,-10,2
-37,-10,2
-36,-10,2
-35,-10,2
-34,-10,3
-33,-10,0
-32,-10,3
-31,-10,3
-30,-10,2
-29,-10,3
-28,-10,3
-27,-10,2
-26,-10,2
-25,-10,1
-24,-10,1
-23,-10,3
-22,-10,3
-21,-10,3
-20,-10,2
-19,-10,2
-18,-10,2
-17,-10,3
-16,-10,3
-15,-10,3
-14,-10,3
-13,-10,0
-12,-10,3
-11,-10,3
-10,-10,0
-9,-10,3
-8,-10,2
-7,-10,1
-6,-10,3
-5,-10,0
-4,-10,3
-3,-10,3
-2,-10,3
-1,-10,3
0,-10,1
1,-10,3
2,-10,3
3,-10,3
4,-10,3
5,-10,0
6,-10,3
7,-10,1
8,-10,2
9,-10,3
10,-10,0
11,-10,3
12,-10,3
13,-10,0
14,-10,3
15,-10,3
16,-10,3
17,-10,3
18,-10,2
19,-10,2
20,-10,2
21,-10,3
22,-10,3
23,-10,3
24,-10,1
25,-10,1
26,-10,2
27,-10,2
28,-10,3
29,-10,3
30,-10,2
31,-10,3
32,-10,3
33,-10,0
34,-10,3
35,-10,2
36,-10,2
37,-10,2
38,-10,2
39,-10,2
40,-10,2
41,-10,2
42,-10,2
43,-10,1
44,-10,3
45,-10,3
46,-10,2
47,-10,3
48,-10,0
49,-10,3
50,-10,0
-50,-9,2
-49,-9,2
-48,-9,2
-47,-9,3
-46,-9,2
-45,-9,3
-44,-9,1
-43,-9,3
-42,-9,3
-41,-9,3
-40,-9,3
-39,-9,3
-38,-9,3
-37,-9,2
-36,-9,2
-35,-9,2
-34,-9,3
-33,-9,2
-32,-9,3
-31,-9,3
-30,-9,1
-29,-9,2
-28,-9,2
-27,-9,3
-26,-9,0
-25,-9,3
-24,-9,3
-23,-9,3
-22,-9,2
-21,-9,3
-20,-9,0
-19,-9,3
-18,-9,3
-17,-9,2
-16,-9,0
-15,-9,3
-14,-9,1
-13,-9,3
-12,-9,2
-11,-9,2
-10,-9,3
-9,-9,2
-8,-9,3
-7,-9,2
-6,-9,1
-5,-9,3
-4,-9,1
-3,-9,3
-2,-9,1
-1,-9,0
0,-9,3
1,-9,0
2,-9,1
3,-9,3
4,-9,1
5,-9,3
6,-9,1
7,-9,2
8,-9,3
9,-9,2
10,-9,3
11,-9,2
12,-9,2
13,-9,3
14,-9,1
15,-9,3
16,-9,0
17,-9,2
18,-9,3
19,-9,3
20,-9,0
21,-9,3
22,-9,2
23,-9,3
24,-9,3
25,-9,3
26,-9,0
27,-9,3
28,-9,2
29,-9,2
30,-9,1
31,-9,3
32,-9,3
33,-9,2
34,-9,3
35,-9,2
36,-9,2
37,-9,2
38,-9,3
39,-9,3
40,-9,3
41,-9,3
42,-9,3
43,-9,3
44,-9,1
45,-9,3
46,-9,2
47,-9,3
48,-9,2
49,-9,2
50,-9,2
-50,-8,3
-49,-8,0
-48,-8,3
-47,-8,3
-46,-8,1
-45,-8,1
-44,-8,3
-43,-8,3
-42,-8,3
-41,-8,3
-40,-8,2
-39,-8,2
-38,-8,0
-37,-8,3
-36,-8,2
-35,-8,2
-34,-8,3
-33,-8,3
-32,-8,2
-31,-8,0
-30,-8,2
-29,-8,2
-28,-8,1
-27,-8,2
-26,-8,1
-25,-8,2
-24,-8,3
-23,-8,0
-22,-8,3
-21,-8,3
-20,-8,3
-19,-8,2
-18,-8,1
-17,-8,3
-16,-8,3
-15,-8,3
-14,-8,0
-13,-8,3
-12,-8,2
-11,-8,2
-10,-8,2
-9,-8,3
-8,-8,2
-7,-8,3
-6,-8,0
-5,-8,2
-4,-8,3
-3,-8,3
-2,-8,3
-1,-8,3
0,-8,2
1,-8,3
2,-8,3
3,-8,3
4,-8,3
5,-8,2
6,-8,0
7,-8,3
8,-8,2
9,-8,3
10,-8,2
11,-8,2
12,-8,2
13,-8,3
14,-8,0
15,-8,3
16,-8,3
17,-8,3
18,-8,1
19,-8,2
20,-8,3
21,-8,3
22,-8,3
23,-8,0
24,-8,3
25,-8,2
26,-8,1
27,-8,2
28,-8,1
29,-8,2
30,-8,2
31,-8,0
32,-8,2
33,-8,3
34,-8,3
35,-8,2
36,-8,2
37,-8,3
38,-8,0
39,-8,2
40,-8,2
41,-8,3
42,-8,3
43,-8,3
44,-8,3
45,-8,1
46,-8,1
47,-8,3
48,-8,3
49,-8,0
50,-8,3
-50,-7,3
-49,-7,2
-48,-7,3
-47,-7,1
-46,-7,3
-45,-7,1
-44,-7,2
-43,-7,2
-42,-7,2
-41,-7,0
-40,-7,3
-39,-7,0
-38,-7,2
-37,-7,3
-36,-7,2
-35,-7,2
-34,-7,3
-33,-7,3
-32,-7,3
-31,-7,3
-30,-7,2
-29,-7,0
-28,-7,3
-27,-7,3
-26,-7,3
-25,-7,2
-24,-7,3
-23,-7,2
-22,-7,2
-21,-7,1
-20,-7,2
-19,-7,0
-18,-7,3
-17,-7,1
-16,-7,2
-15,-7,3
-14,-7,3
-13,-7,2
-12,-7,3
-11,-7,0
-10,-7,1
-9,-7,2
-8,-7,3
-7,-7,2
-6,-7,2
-5,-7,3
-4,-7,2
-3,-7,2
-2,-7,3
-1,-7,2
0,-7,2
1,-7,2
2,-7,3
3,-7,2
4,-7,2
5,-7,3
6,-7,2
7,-7,2
8,-7,3
9,-7,2
10,-7,1
11,-7,0
12,-7,3
13,-7,2
14,-7,3
15,-7,3
16,-7,2
17,-7,1
18,-7,3
19,-7,0
20,-7,2
21,-7,1
22,-7,2
23,-7,2
24,-7,3
25,-7,2
26,-7,3
27,-7,3
28,-7,3
29,-7,0
30,-7,2
31,-7,3
32,-7,3
33,-7,3
34,-7,3
35,-7,2
36,-7,2
37,-7,3
38,-7,2
39,-7,0
40,-7,3
41,-7,0
42,-7,2
43,-7,2
44,-7,2
45,-7,1
46,-7,3
47,-7,1
48,-7,3
49,-7,2
50,-7,3
-50,-6,3
-49,-6,3
-48,-6,1
-47,-6,3
-46,-6,1
-45,-6,3
-44,-6,3
-43,-6,2
-42,-6,0
-41,-6,2
-40,-6,2
-39,-6,3
-38,-6,2
-37,-6,3
-36,-6,2
-35,-6,1
-34,-6,2
-33,-6,2
-32,-6,2
-31,-6,2
-30,-6,2
-29,-6,2
-28,-6,3
-27,-6,3
-26,-6,2
-25,-6,3
-24,-6,2
-23,-6,0
-22,-6,1
-21,-6,2
-20,-6,2
-19,-6,3
-18,-6,2
-17,-6,1
-16,-6,2
-15,-6,2
-14,-6,3
-13,-6,3
-12,-6,3
-11,-6,3
-10,-6,3
-9,-6,1
-8,-6,0
-7,-6,2
-6,-6,2
-5,-6,2
-4,-6,3
-3,-6,2
-2,-6,3
-1,-6,3
0,-6,0
1,-6,3
2,-6,3
3,-6,2
4,-6,3
5,-6,2
6,-6,2
7,-6,2
8,-6,0
9,-6,1
10,-6,3
11,-6,3
12,-6,3
13,-6,3
14,-6,3
15,-6,2
16,-6,2
17,-6,1
18,-6,2
19,-6,3
20,-6,2
21,-6,2
22,-6,1
23,-6,0
24,-6,2
25,-6,3
26,-6,2
27,-6,3
28,-6,3
29,-6,2
30,-6,2
31,-6,2
32,-6,2
33,-6,2
34,-6,2
35,-6,1
36,-6,2
37,-6,3
38,-6,2
39,-6,3
40,-6,2
41,-6,2
42,-6,0
43,-6,2
44,-6,3
45,-6,3
46,-6,1
47,-6,3
48,-6,1
49,-6,3
50,-6,3
-50,-5,3
-49,-5,3
-48,-5,3
-47,-5,1
-46,-5,3
-45,-5,3
-44,-5,1
-43,-5,3
-42,-5,3
-41,-5,3
-40,-5,2
-39,-5,0
-38,-5,3
-37,-5,3
-36,-5,0
-35,-5,3
-34,-5,3
-33,-5,3
-32,-5,2
-31,-5,2
-30,-5,2
-29,-5,3
-28,-5,2
-27,-5,0
-26,-5,3
-25,-5,3
-24,-5,2
-23,-5,2
-22,-5,1
-21,-5,3
-20,-5,1
-19,-5,3
-18,-5,1
-17,-5,3
-16,-5,0
-15,-5,3
-14,-5,3
-13,-5,0
-12,-5,3
-11,-5,3
-10,-5,0
-9,-5,3
-8,-5,2
-7,-5,3
-6,-5,2
-5,-5,2
-4,-5,2
-3,-5,3
-2,-5,3
-1,-5,2
0,-5,1
1,-5,2
2,-5,3
3,-5,3
4,-5,2
5,-5,2
6,-5,2
7,-5,3
8,-5,2
9,-5,3
10,-5,0
11,-5,3
12,-5,3
13,-5,0
14,-5,3
15,-5,3
16,-5,0
17,-5,3
18,-5,1
19,-5,3
20,-5,1
21,-5,3
22,-5,1
23,-5,2
24,-5,2
25,-5,3
26,-5,3
27,-5,0
28,-5,2
29,-5,3
30,-5,2
31,-5,2
32,-5,2
33,-5,3
34,-5,3
35,-5,3
36,-5,0
37,-5,3
38,-5,3
39,-5,0
40,-5,2
41,-5,3
42,-5,3
43,-5,3
44,-5,1
45,-5,3
46,-5,3
47,-5,1
48,-5,3
49,-5,3
50,-5,3
-50,-4,3
-49,-4,3
-48,-4,3
-47,-4,3
-46,-4,2
-45,-4,0
-44,-4,2
-43,-4,0
-42,-4,3
-41,-4,0
-40,-4,2
-39,-4,3
-38,-4,3
-37,-4,1
-36,-4,2
-35,-4,3
-34,-4,2
-33,-4,0
-32,-4,3
-31,-4,2
-30,-4,1
-29,-4,2
-28,-4,2
-27,-4,2
-26,-4,2
-25,-4,0
-24,-4,3
-23,-4,2
-22,-4,3
-21,-4,3
-20,-4,2
-19,-4,2
-18,-4,1
-17,-4,1
-16,-4,2
-15,-4,3
-14,-4,2
-13,-4,2
-12,-4,2
-11,-4,3
-10,-4,3
-9,-4,1
-8,-4,3
-7,-4,2
-6,-4,3
-5,-4,2
-4,-4,2
-3,-4,3
-2,-4,3
-1,-4,3
0,-4,2
1,-4,3
2,-4,3
3,-4,3
4,-4,2
5,-4,2
6,-4,3
7,-4,2
8,-4,3
9,-4,1
10,-4,3
11,-4,3
12,-4,2
13,-4,2
14,-4,2
15,-4,3
16,-4,2
17,-4,1
18,-4,1
19,-4,2
20,-4,2
21,-4,3
22,-4,3
23,-4,2
24,-4,3
25,-4,0
26,-4,2
27,-4,2
28,-4,2
29,-4,2
30,-4,1
31,-4,2
32,-4,3
33,-4,0
34,-4,2
35,-4,3
36,-4,2
37,-4,1
38,-4,3
39,-4,3
40,-4,2
41,-4,0
42,-4,3
43,-4,0
44,-4,2
45,-4,0
46,-4,2
47,-4,3
48,-4,3
49,-4,3
50,-4,3
-50,-3,3
-49,-3,3
-48,-3,3
-47,-3,3
-46,-3,3
-45,-3,3
-44,-3,1
-43,-3,3
-42,-3,3
-41,-3,3
-40,-3,2
-39,-3,0
-38,-3,3
-37,-3,3
-36,-3,1
-35,-3,0
-34,-3,2
-33,-3,3
-32,-3,3
-31,-3,0
-30,-3,3
-29,-3,3
-28,-3,3
-27,-3,2
-26,-3,3
-25,-3,3
-24,-3,3
-23,-3,1
-22,-3,1
-21,-3,2
-20,-3,3
-19,-3,2
-18,-3,2
-17,-3,2
-16,-3,2
-15,-3,1
-14,-3,3
-13,-3,2
-12,-3,3
-11,-3,0
-10,-3,3
-9,-3,3
-8,-3,3
-7,-3,2
-6,-3,2
-5,-3,3
-4,-3,3
-3,-3,2
-2,-3,2
-1,-3,3
0,-3,1
1,-3,3
2,-3,2
3,-3,2
4,-3,3
5,-3,3
6,-3,2
7,-3,2
8,-3,3
9,-3,3
10,-3,3
11,-3,0
12,-3,3
13,-3,2
14,-3,3
15,-3,1
16,-3,2
17,-3,2
18,-3,2
19,-3,2
20,-3,3
21,-3,2
22,-3,1
23,-3,1
24,-3,3
25,-3,3
26,-3,3
27,-3,2
28,-3,3
29,-3,3
30,-3,3
31,-3,0
32,-3,3
33,-3,3
34,-3,2
35,-3,0
36,-3,1
37,-3,3
38,-3,3
39,-3,0
40,-3,2
41,-3,3
42,-3,3
43,-3,3
44,-3,1
45,-3,3
46,-3,3
47,-3,3
48,-3,3
49,-3,3
50,-3,3
-50,-2,3
-49,-2,3
-48,-2,3
-47,-2,3
-46,-2,3
-45,-2,3
-44,-2,3
-43,-2,2
-42,-2,0
-41,-2,2
-40,-2,3
-39,-2,3
-38,-2,2
-37,-2,3
-36,-2,2
-35,-2,3
-34,-2,2
-33,-2,0
-32,-2,3
-31,-2,2
-30,-2,3
-29,-2,2
-28,-2,0
-27,-2,3
-26,-2,3
-25,-2,2
-24,-2,3
-23,-2,1
-22,-2,3
-21,-2,2
-20,-2,2
-19,-2,1
-18,-2,3
-17,-2,3
-16,-2,1
-15,-2,2
-14,-2,3
-13,-2,3
-12,-2,2
-11,-2,3
-10,-2,3
-9,-2,1
-8,-2,3
-7,-2,3
-6,-2,3
-5,-2,3
-4,-2,3
-3,-2,2
-2,-2,0
-1,-2,3
0,-2,0
1,-2,3
2,-2,0
3,-2,2
4,-2,3
5,-2,3
6,-2,3
7,-2,3
8,-2,3
9,-2,1
10,-2,3
11,-2,3
12,-2,2
13,-2,3
14,-2,3
15,-2,2
16,-2,1
17,-2,3
18,-2,3
19,-2,1
20,-2,2
21,-2,2
22,-2,3
23,-2,1
24,-2,3
25,-2,2
26,-2,3
27,-2,3
28,-2,0
29,-2,2
30,-2,3
31,-2,2
32,-2,3
33,-2,0
34,-2,2
35,-2,3
36,-2,2
37,-2,3
38,-2,2
39,-2,3
40,-2,3
41,-2,2
42,-2,0
43,-2,2
44,-2,3
45,-2,3
46,-2,3
47,-2,3
48,-2,3
49,-2,3
50,-2,3
-50,-1,3
-49,-1,3
-48,-1,3
-47,-1,3
-46,-1,3
-45,-1,3
-44,-1,3
-43,-1,3
-42,-1,3
-41,-1,2
-40,-1,0
-39,-1,2
-38,-1,2
-37,-1,3
-36,-1,2
-35,-1,3
-34,-1,3
-33,-1,3
-32,-1,2
-31,-1,3
-30,-1,1
-29,-1,3
-28,-1,3
-27,-1,3
-26,-1,1
-25,-1,3
-24,-1,1
-23,-1,3
-22,-1,3
-21,-1,2
-20,-1,3
-19,-1,3
-18,-1,3
-17,-1,2
-16,-1,2
-15,-1,1
-14,-1,3
-13,-1,2
-12,-1,1
-11,-1,2
-10,-1,3
-9,-1,0
-8,-1,3
-7,-1,2
-6,-1,3
-5,-1,2
-4,-1,3
-3,-1,3
-2,-1,3
-1,-1,2
0,-1,2
1,-1,2
2,-1,3
3,-1,3
4,-1,3
5,-1,2
6,-1,3
7,-1,2
8,-1,3
9,-1,0
10,-1,3
11,-1,2
12,-1,1
13,-1,2
14,-1,3
15,-1,1
16,-1,2
17,-1,2
18,-1,3
19,-1,3
20,-1,3
21,-1,2
22,-1,3
23,-1,3
24,-1,1
25,-1,3
26,-1,1
27,-1,3
28,-1,3
29,-1,3
30,-1,1
31,-1,3
32,-1,2
33,-1,3
34,-1,3
35,-1,3
36,-1,2
37,-1,3
38,-1,2
39,-1,2
40,-1,0
41,-1,2
42,-1,3
43,-1,3
44,-1,3
45,-1,3
46,-1,3
47,-1,3
48,-1,3
49,-1,3
50,-1,3
-50,0,3
-49,0,3
-48,0,3
-47,0,3
-46,0,3
-45,0,3
-44,0,3
-43,0,3
-42,0,3
-41,0,3
-40,0,3
-39,0,0
-38,0,1
-37,0,2
-36,0,1
-35,0,2
-34,0,2
-33,0,2
-32,0,2
-31,0,3
-30,0,3
-29,0,0
-28,0,1
-27,0,2
-26,0,1
-25,0,3
-24,0,3
-23,0,0
-22,0,2
-21,0,3
-20,0,0
-19,0,3
-18,0,0
-17,0,3
-16,0,1
-15,0,0
-14,0,2
-13,0,3
-12,0,0
-11,0,2
-10,0,1
-9,0,3
-8,0,2
-7,0,2
-6,0,0
-5,0,1
-4,0,2
-3,0,1
-2,0,0
-1,0,3
0,0,0
1,0,2
2,0,0
3,0,1
4,0,2
5,0,1
6,0,0
7,0,2
8,0,2
9,0,3
10,0,1
11,0,2
12,0,0
13,0,3
14,0,2
15,0,0
16,0,1
17,0,3
18,0,0
19,0,3
20,0,0
21,0,3
22,0,2
23,0,0
24,0,3
25,0,3
26,0,1
27,0,2
28,0,1
29,0,0
30,0,3
31,0,3
32,0,2
33,0,2
34,0,2
35,0,2
36,0,1
37,0,2
38,0,1
39,0,0
40,0,3
41,0,3
42,0,3
43,0,3
44,0,3
45,0,3
46,0,3
47,0,3
48,0,3
49,0,3
50,0,3
-50,1,3
-49,1,3
-48,1,3
-47,1,3
-46,1,3
-45,1,3
-44,1,3
-43,1,3
-42,1,3
-41,1,2
-40,1,0
-39,1,2
-38,1,2
-37,1,3
-36,1,2
-35,1,3
-34,1,3
-33,1,3
-32,1,2
-31,1,3
-30,1,1
-29,1,3
-28,1,3
-27,1,3
-26,1,1
-25,1,3
-24,1,1
-23,1,3
-22,1,3
-21,1,2
-20,1,3
-19,1,3
-18,1,3
-17,1,2
-16,1,2
-15,1,1
-14,1,3
-13,1,2
-12,1,1
-11,1,2
-10,1,3
-9,1,0
-8,1,3
-7,1,2
-6,1,3
-5,1,2
-4,1,3
-3,1,3
-2,1,3
-1,1,2
0,1,2
1,1,2
2,1,3
3,1,3
4,1,3
5,1,2
6,1,3
7,1,2
8,1,3
9,1,0
10,1,3
11,1,2
12,1,1
13,1,2
14,1,3
15,1,1
16,1,2
17,1,2
18,1,3
19,1,3
20,1,3
21,1,2
22,1,3
23,1,3
24,1,1
25,1,3
26,1,1
27,1,3
28,1,3
29,1,3
30,1,1
31,1,3
32,1,2
33,1,3
34,1,3
35,1,3
36,1,2
37,1,3
38,1,2
39,1,2
40,1,0
41,1,2
42,1,3
43,1,3
44,1,3
45,1,3
46,1,3
47,1,3
48,1,3
49,1,3
50,1,3
-50,2,3
-49,2,3
-48,2,3
-47,2,3
-46,2,3
-45,2,3
-44,2,3
-43,2,2
-42,2,0
-41,2,2
-40,2,3
-39,2,3
-38,2,2
-37,2,3
-36,2,2
-35,2,3
-34,2,2
-33,2,0
-32,2,3
-31,2,2
-30,2,3
-29,2,2
-28,2,0
-27,2,3
-26,2,3
-25,2,2
-24,2,3
-23,2,1
-22,2,3
-21,2,2
-20,2,2
-19,2,1
-18,2,3
-17,2,3
-16,2,1
-15,2,2
-14,2,3
-13,2,3
-12,2,2
-11,2,3
-10,2,3
-9,2,1
-8,2,3
-7,2,3
-6,2,3
-5,2,3
-4,2,3
-3,2,2
-2,2,0
-1,2,3
0,2,0
1,2,3
2,2,0
3,2,2
4,2,3
5,2,3
6,2,3
7,2,3
8,2,3
9,2,1
10,2,3
11,2,3
12,2,2
13,2,3
14,2,3
15,2,2
16,2,1
17,2,3
18,2,3
19,2,1
20,2,2
21,2,2
22,2,3
23,2,1
24,2,3
25,2,2
26,2,3
27,2,3
28,2,0
29,2,2
30,2,3
31,2,2
32,2,3
33,2,0
34,2,2
35,2,3
36,2,2
37,2,3
38,2,2
39,2,3
40,2,3
41,2,2
42,2,0
43,2,2
44,2,3
45,2,3
46,2,3
47,2,3
48,2,3
49,2,3
50,2,3
-50,3,3
-49,3,3
-48,3,3
-47,3,3
-46,3,3
-45,3,3
-44,3,1
-43,3,3
-42,3,3
-41,3,3
-40,3,2
-39,3,0
-38,3,3
-37,3,3
-36,3,1
-35,3,0
-34,3,2
-33,3,3
-32,3,3
-31,3,0
-30,3,3
-29,3,3
-28,3,3
-27,3,2
-26,3,3
-25,3,3
-24,3,3
-23,3,1
-22,3,1
-21,3,2
-20,3,3
-19,3,2
-18,3,2
-17,3,2
-16,3,2
-15,3,1
-14,3,3
-13,3,2
-12,3,3
-11,3,0
-10,3,3
-9,3,3
-8,3,3
-7,3,2
-6,3,2
-5,3,3
-4,3,3
-3,3,2
-2,3,2
-1,3,3
0,3,1
1,3,3
2,3,2
3,3,2
4,3,3
5,3,3
6,3,2
7,3,2
8,3,3
9,3,3
10,3,3
11,3,0
12,3,3
13,3,2
14,3,3
15,3,1
16,3,2
17,3,2
18,3,2
19,3,2
20,3,3
21,3,2
22,3,1
23,3,1
24,3,3
25,3,3
26,3,3
27,3,2
28,3,3
29,3,3
30,3,3
31,3,0
32,3,3
33,3,3
34,3,2
35,3,0
36,3,1
37,3,3
38,3,3
39,3,0
40,3,2
41,3,3
42,3,3
43,3,3
44,3,1
45,3,3
46,3,3
47,3,3
48,3,3
49,3,3
50,3,3
-50,4,3
-49,4,3
-48,4,3
-47,4,3
-46,4,2
-45,4,0
-44,4,2
-43,4,0
-42,4,3
-41,4,0
-40,4,2
-39,4,3
-38,4,3
-37,4,1
-36,4,2
-35,4,3
-34,4,2
-33,4,0
-32,4,3
-31,4,2
-30,4,1
-29,4,2
-28,4,2
-27,4,2
-26,4,2
-25,4,0
-24,4,3
-23,4,2
-22,4,3
-21,4,3
-20,4,2
-19,4,2
-18,4,1
-17,4,1
-16,4,2
-15,4,3
-14,4,2
-13,4,2
-12,4,2
-11,4,3
-10,4,3
-9,4,1
-8,4,3
-7,4,2
-6,4,3
-5,4,2
-4,4,2
-3,4,3
-2,4,3
-1,4,3
0,4,2
1,4,3
2,4,3
3,4,3
4,4,2
5,4,2
6,4,3
7,4,2
8,4,3
9,4,1
10,4,3
11,4,3
12,4,2
13,4,2
14,4,2
15,4,3
16,4,2
17,4,1
18,4,1
19,4,2
20,4,2
21,4,3
22,4,3
23,4,2
24,4,3
25,4,0
26,4,2
27,4,2
28,4,2
29,4,2
30,4,1
31,4,2
32,4,3
33,4,0
34,4,2
35,4,3
36,4,2
37,4,1
38,4,3
39,4,3
40,4,2
41,4,0
42,4,3
43,4,0
44,4,2
45,4,0
46,4,2
47,4,3
48,4,3
49,4,3
50,4,3
-50,5,3
-49,5,3
-48,5,3
-47,5,1
-46,5,3
-45,5,3
-44,5,1
-43,5,3
-42,5,3
-41,5,3
-40,5,2
-39,5,0
-38,5,3
-37,5,3
-36,5,0
-35,5,3
-34,5,3
-33,5,3
-32,5,2
-31,5,2
-30,5,2
-29,5,3
-28,5,2
-27,5,0
-26,5,3
-25,5,3
-24,5,2
-23,5,2
-22,5,1
-21,5,3
-20,5,1
-19,5,3
-18,5,1
-17,5,3
-16,5,0
-15,5,3
-14,5,3
-13,5,0
-12,5,3
-11,5,3
-10,5,0
-9,5,3
-8,5,2
-7,5,3
-6,5,2
-5,5,2
-4,5,2
-3,5,3
-2,5,3
-1,5,2
0,5,1
1,5,2
2,5,3
3,5,3
4,5,2
5,5,2
6,5,2
7,5,3
8,5,2
9,5,3
10,5,0
11,5,3
12,5,3
13,5,0
14,5,3
15,5,3
16,5,0
17,5,3
18,5,1
19,5,3
20,5,1
21,5,3
22,5,1
23,5,2
24,5,2
25,5,3
26,5,3
27,5,0
28,5,2
29,5,3
30,5,2
31,5,2
32,5,2
33,5,3
34,5,3
35,5,3
36,5,0
37,5,3
38,5,3
39,5,0
40,5,2
41,5,3
42,5,3
43,5,3
44,5,1
45,5,3
46,5,3
47,5,1
48,5,3
49,5,3
50,5,3
-50,6,3
-49,6,3
-48,6,1
-47,6,3
-46,6,1
-45,6,3
-44,6,3
-43,6,2
-42,6,0
-41,6,2
-40,6,2
-39,6,3
-38,6,2
-37,6,3
-36,6,2
-35,6,1
-34,6,2
-33,6,2
-32,6,2
-31,6,2
-30,6,2
-29,6,2
-28,6,3
-27,6,3
-26,6,2
-25,6,3
-24,6,2
-23,6,0
-22,6,1
-21,6,2
-20,6,2
-19,6,3
-18,6,2
-17,6,1
-16,6,2
-15,6,2
-14,6,3
-13,6,3
-12,6,3
-11,6,3
-10,6,3
-9,6,1
-8,6,0
-7,6,2
-6,6,2
-5,6,2
-4,6,3
-3,6,2
-2,6,3
-1,6,3
0,6,0
1,6,3
2,6,3
3,6,2
4,6,3
5,6,2
6,6,2
7,6,2
8,6,0
9,6,1
10,6,3
11,6,3
12,6,3
13,6,3
14,6,3
15,6,2
16,6,2
17,6,1
18,6,2
19,6,3
20,6,2
21,6,2
22,6,1
23,6,0
24,6,2
25,6,3
26,6,2
27,6,3
28,6,3
29,6,2
30,6,2
31,6,2
32,6,2
33,6,2
34,6,2
35,6,1
36,6,2
37,6,3
38,6,2
39,6,3
40,6,2
41,6,2
42,6,0
43,6,2
44,6,3
45,6,3
46,6,1
47,6,3
48,6,1
49,6,3
50,6,3
-50,7,3
-49,7,2
-48,7,3
-47,7,1
-46,7,3
-45,7,1
-44,7,2
-43,7,2
-42,7,2
-41,7,0
-40,7,3
-39,7,0
-38,7,2
-37,7,3
-36,7,2
-35,7,2
-34,7,3
-33,7,3
-32,7,3
-31,7,3
-30,7,2
-29,7,0
-28,7,3
-27,7,3
-26,7,3
-25,7,2
-24,7,3
-23,7,2
-22,7,2
-21,7,1
-20,7,2
-19,7,0
-18,7,3
-17,7,1
-16,7,2
-15,7,3
-14,7,3
-13,7,2
-12,7,3
-11,7,0
-10,7,1
-9,7,2
-8,7,3
-7,7,2
-6,7,2
-5,7,3
-4,7,2
-3,7,2
-2,7,3
-1,7,2
0,7,2
1,7,2
2,7,3
3,7,2
4,7,2
5,7,3
6,7,2
7,7,2
8,7,3
9,7,2
10,7,1
11,7,0
12,7,3
13,7,2
14,7,3
15,7,3
16,7,2
17,7,1
18,7,3
19,7,0
20,7,2
21,7,1
22,7,2
23,7,2
24,7,3
25,7,2
26,7,3
27,7,3
28,7,3
29,7,0
30,7,2
31,7,3
32,7,3
33,7,3
34,7,3
35,7,2
36,7,2
37,7,3
38,7,2
39,7,0
40,7,3
41,7,0
42,7,2
43,7,2
44,7,2
45,7,1
46,7,3
47,7,1
48,7,3
49,7,2
50,7,3
-50,8,3
-49,8,0
-48,8,3
-47,8,3
-46,8,1
-45,8,1
-44,8,3
-43,8,3
-42,8,3
-41,8,3
-40,8,2
-39,8,2
-38,8,0
-37,8,3
-36,8,2
-35,8,2
-34,8,3
-33,8,3
-32,8,2
-31,8,0
-30,8,2
-29,8,2
-28,8,1
-27,8,2
-26,8,1
-25,8,2
-24,8,3
-23,8,0
-22,8,3
-21,8,3
-20,8,3
-19,8,2
-18,8,1
-17,8,3
-16,8,3
-15,8,3
-14,8,0
-13,8,3
-12,8,2
-11,8,2
-10,8,2
-9,8,3
-8,8,2
-7,8,3
-6,8,0
-5,8,2
-4,8,3
-3,8,3
-2,8,3
-1,8,3
0,8,2
1,8,3
2,8,3
3,8,3
4,8,3
5,8,2
6,8,0
7,8,3
8,8,2
9,8,3
10,8,2
11,8,2
12,8,2
13,8,3
14,8,0
15,8,3
16,8,3
17,8,3
18,8,1
19,8,2
20,8,3
21,8,3
22,8,3
23,8,0
24,8,3
25,8,2
26,8,1
27,8,2
28,8,1
29,8,2
30,8,2
31,8,0
32,8,2
33,8,3
34,8,3
35,8,2
36,8,2
37,8,3
38,8,0
39,8,2
40,8,2
41,8,3
42,8,3
43,8,3
44,8,3
45,8,1
46,8,1
47,8,3
48,8,3
49,8,0
50,8,3
-50,9,2
-49,9,2
-48,9,2
-47,9,3
-46,9,2
-45,9,3
-44,9,1
-43,9,3
-42,9,3
-41,9,3
-40,9,3
-39,9,3
-38,9,3
-37,9,2
-36,9,2
-35,9,2
-34,9,3
-33,9,2
-32,9,3
-31,9,3
-30,9,1
-29,9,2
-28,9,2
-27,9,3
-26,9,0
-25,9,3
-24,9,3
-23,9,3
-22,9,2
-21,9,3
-20,9,0
-19,9,3
-18,9,3
-17,9,2
-16,9,0
-15,9,3
-14,9,1
-13,9,3
-12,9,2
-11,9,2
-10,9,3
-9,9,2
-8,9,3
-7,9,2
-6,9,1
-5,9,3
-4,9,1
-3,9,3
-2,9,1
-1,9,0
0,9,3
1,9,0
2,9,1
3,9,3
4,9,1
5,9,3
6,9,1
7,9,2
8,9,3
9,9,2
10,9,3
11,9,2
12,9,2
13,9,3
14,9,1
15,9,3
16,9,0
17,9,2
18,9,3
19,9,3
20,9,0
21,9,3
22,9,2
23,9,3
24,9,3
25,9,3
26,9,0
27,9,3
28,9,2
29,9,2
30,9,1
31,9,3
32,9,3
33,9,2
34,9,3
35,9,2
36,9,2
37,9,2
38,9,3
39,9,3
40,9,3
41,9,3
42,9,3
43,9,3
44,9,1
45,9,3
46,9,2
47,9,3
48,9,2
49,9,2
50,9,2
-50,10,0
-49,10,3
-48,10,0
-47,10,3
-46,10,2
-45,10,3
-44,10,3
-43,10,1
-42,10,2
-41,10,2
-40,10,2
-39,10,2
-38,10,2
-37,10,2
-36,10,2
-35,10,2
-34,10,3
-33,10,0
-32,10,3
-31,10,3
-30,10,2
-29,10,3
-28,10,3
-27,10,2
-26,10,2
-25,10,1
-24,10,1
-23,10,3
-22,10,3
-21,10,3
-20,10,2
-19,10,2
-18,10,2
-17,10,3
-16,10,3
-15,10,3
-14,10,3
-13,10,0
-12,10,3
-11,10,3
-10,10,0
-9,10,3
-8,10,2
-7,10,1
-6,10,3
-5,10,0
-4,10,3
-3,10,3
-2,10,3
-1,10,3
0,10,1
1,10,3
2,10,3
3,10,3
4,10,3
5,10,0
6,10,3
7,10,1
8,10,2
9,10,3
10,10,0
11,10,3
12,10,3
13,10,0
14,10,3
15,10,3
16,10,3
17,10,3
18,10,2
19,10,2
20,10,2
21,10,3
22,10,3
23,10,3
24,10,1
25,10,1
26,10,2
27,10,2
28,10,3
29,10,3
30,10,2
31,10,3
32,10,3
33,10,0
34,10,3
35,10,2
36,10,2
37,10,2
38,10,2
39,10,2
40,10,2
41,10,2
42,10,2
43,10,1
44,10,3
45,10,3
46,10,2
47,10,3
48,10,0
49,10,3
50,10,0
-50,11,3
-49,11,2
-48,11,2
-47,11,2
-46,11,2
-45,11,3
-44,11,3
-43,11,2
-42,11,3
-41,11,3
-40,11,3
-39,11,3
-38,11,3
-37,11,3
-36,11,3
-35,11,3
-34,11,2
-33,11,3
-32,11,2
-31,11,3
-30,11,2
-29,11,3
-28,11,2
-27,11,3
-26,11,3
-25,11,3
-24,11,3
-23,11,2
-22,11,3
-21,11,1
-20,11,0
-19,11,3
-18,11,3
-17,11,0
-16,11,3
-15,11,1
-14,11,3
-13,11,3
-12,11,2
-11,11,2
-10,11,3
-9,11,2
-8,11,2
-7,11,0
-6,11,3
-5,11,3
-4,11,3
-3,11,0
-2,11,3
-1,11,2
0,11,2
1,11,2
2,11,3
3,11,0
4,11,3
5,11,3
6,11,3
7,11,0
8,11,2
9,11,2
10,11,3
11,11,2
12,11,2
13,11,3
14,11,3
15,11,1
16,11,3
17,11,0
18,11,3
19,11,3
20,11,0
21,11,1
22,11,3
23,11,2
24,11,3
25,11,3
26,11,3
27,11,3
28,11,2
29,11,3
30,11,2
31,11,3
32,11,2
33,11,3
34,11,2
35,11,3
36,11,3
37,11,3
38,11,3
39,11,3
40,11,3
41,11,3
42,11,3
43,11,2
44,11,3
45,11,3
46,11,2
47,11,2
48,11,2
49,11,2
50,11,3
-50,12,0
-49,12,2
-48,12,3
-47,12,0
-46,12,2
-45,12,3
-44,12,3
-43,12,2
-42,12,3
-41,12,3
-40,12,3
-39,12,3
-38,12,3
-37,12,3
-36,12,2
-35,12,0
-34,12,3
-33,12,0
-32,12,2
-31,12,3
-30,12,2
-29,12,3
-28,12,0
-27,12,3
-26,12,3
-25,12,3
-24,12,1
-23,12,3
-22,12,3
-21,12,3
-20,12,2
-19,12,3
-18,12,3
-17,12,2
-16,12,3
-15,12,1
-14,12,3
-13,12,3
-12,12,2
-11,12,2
-10,12,3
-9,12,2
-8,12,2
-7,12,3
-6,12,3
-5,12,3
-4,12,2
-3,12,3
-2,12,2
-1,12,1
0,12,0
1,12,1
2,12,2
3,12,3
4,12,2
5,12,3
6,12,3
7,12,3
8,12,2
9,12,2
10,12,3
11,12,2
12,12,2
13,12,3
14,12,3
15,12,1
16,12,3
17,12,2
18,12,3
19,12,3
20,12,2
21,12,3
22,12,3
23,12,3
24,12,1
25,12,3
26,12,3
27,12,3
28,12,0
29,12,3
30,12,2
31,12,3
32,12,2
33,12,0
34,12,3
35,12,0
36,12,2
37,12,3
38,12,3
39,12,3
40,12,3
41,12,3
42,12,3
43,12,2
44,12,3
45,12,3
46,12,2
47,12,0
48,12,3
49,12,2
50,12,0
-50,13,2
-49,13,0
-48,13,3
-47,13,2
-46,13,0
-45,13,3
-44,13,3
-43,13,2
-42,13,3
-41,13,3
-40,13,3
-39,13,3
-38,13,3
-37,13,2
-36,13,3
-35,13,3
-34,13,2
-33,13,2
-32,13,0
-31,13,3
-30,13,2
-29,13,2
-28,13,3
-27,13,2
-26,13,3
-25,13,2
-24,13,3
-23,13,1
-22,13,1
-21,13,3
-20,13,2
-19,13,2
-18,13,2
-17,13,3
-16,13,3
-15,13,2
-14,13,2
-13,13,0
-12,13,3
-11,13,3
-10,13,0
-9,13,3
-8,13,3
-7,13,2
-6,13,3
-5,13,0
-4,13,2
-3,13,2
-2,13,3
-1,13,2
0,13,3
1,13,2
2,13,3
3,13,2
4,13,2
5,13,0
6,13,3
7,13,2
8,13,3
9,13,3
10,13,0
11,13,3
12,13,3
13,13,0
14,13,2
15,13,2
16,13,3
17,13,3
18,13,2
19,13,2
20,13,2
21,13,3
22,13,1
23,13,1
24,13,3
25,13,2
26,13,3
27,13,2
28,13,3
29,13,2
30,13,2
31,13,3
32,13,0
33,13,2
34,13,2
35,13,3
36,13,3
37,13,2
38,13,3
39,13,3
40,13,3
41,13,3
42,13,3
43,13,2
44,13,3
45,13,3
46,13,0
47,13,2
48,13,3
49,13,0
50,13,2
-50,14,3
-49,14,3
-48,14,2
-47,14,3
-46,14,3
-45,14,2
-44,14,3
-43,14,2
-42,14,3
-41,14,3
-40,14,3
-39,14,3
-38,14,3
-37,14,0
-36,14,3
-35,14,3
-34,14,3
-33,14,3
-32,14,3
-31,14,2
-30,14,2
-29,14,2
-28,14,0
-27,14,2
-26,14,3
-25,14,0
-24,14,3
-23,14,2
-22,14,2
-21,14,2
-20,14,2
-19,14,1
-18,14,3
-17,14,2
-16,14,2
-15,14,3
-14,14,2
-13,14,2
-12,14,3
-11,14,3
-10,14,3
-9,14,1
-8,14,0
-7,14,3
-6,14,3
-5,14,3
-4,14,2
-3,14,3
-2,14,3
-1,14,3
0,14,2
1,14,3
2,14,3
3,14,3
4,14,2
5,14,3
6,14,3
7,14,3
8,14,0
9,14,1
10,14,3
11,14,3
12,14,3
13,14,2
14,14,2
15,14,3
16,14,2
17,14,2
18,14,3
19,14,1
20,14,2
21,14,2
22,14,2
23,14,2
24,14,3
25,14,0
26,14,3
27,14,2
28,14,0
29,14,2
30,14,2
31,14,2
32,14,3
33,14,3
34,14,3
35,14,3
36,14,3
37,14,0
38,14,3
39,14,3
40,14,3
41,14,3
42,14,3
43,14,2
44,14,3
45,14,2
46,14,3
47,14,3
48,14,2
49,14,3
50,14,3
-50,15,0
-49,15,2
-48,15,3
-47,15,0
-46,15,2
-45,15,2
-44,15,3
-43,15,2
-42,15,3
-41,15,3
-40,15,3
-39,15,3
-38,15,1
-37,15,2
-36,15,1
-35,15,3
-34,15,3
-33,15,3
-32,15,3
-31,15,3
-30,15,3
-29,15,1
-28,15,3
-27,15,1
-26,15,2
-25,15,3
-24,15,3
-23,15,3
-22,15,3
-21,15,2
-20,15,3
-19,15,2
-18,15,2
-17,15,1
-16,15,3
-15,15,2
-14,15,3
-13,15,2
-12,15,1
-11,15,1
-10,15,3
-9,15,3
-8,15,3
-7,15,3
-6,15,2
-5,15,3
-4,15,3
-3,15,1
-2,15,2
-1,15,1
0,15,0
1,15,1
2,15,2
3,15,1
4,15,3
5,15,3
6,15,2
7,15,3
8,15,3
9,15,3
10,15,3
11,15,1
12,15,1
13,15,2
14,15,3
15,15,2
16,15,3
17,15,1
18,15,2
19,15,2
20,15,3
21,15,2
22,15,3
23,15,3
24,15,3
25,15,3
26,15,2
27,15,1
28,15,3
29,15,1
30,15,3
31,15,3
32,15,3
33,15,3
34,15,3
35,15,3
36,15,1
37,15,2
38,15,1
39,15,3
40,15,3
41,15,3
42,15,3
43,15,2
44,15,3
45,15,2
46,15,2
47,15,0
48,15,3
49,15,2
50,15,0
-50,16,2
-49,16,0
-48,16,3
-47,16,2
-46,16,0
-45,16,2
-44,16,3
-43,16,2
-42,16,3
-41,16,3
-40,16,3
-39,16,2
-38,16,3
-37,16,0
-36,16,3
-35,16,1
-34,16,3
-33,16,3
-32,16,3
-31,16,3
-30,16,1
-29,16,3
-28,16,1
-27,16,1
-26,16,3
-25,16,3
-24,16,1
-23,16,3
-22,16,3
-21,16,0
-20,16,3
-19,16,2
-18,16,1
-17,16,2
-16,16,2
-15,16,3
-14,16,2
-13,16,3
-12,16,3
-11,16,3
-10,16,3
-9,16,0
-8,16,3
-7,16,2
-6,16,2
-5,16,0
-4,16,2
-3,16,2
-2,16,1
-1,16,2
0,16,1
1,16,2
2,16,1
3,16,2
4,16,2
5,16,0
6,16,2
7,16,2
8,16,3
9,16,0
10,16,3
11,16,3
12,16,3
13,16,3
14,16,2
15,16,3
16,16,2
17,16,2
18,16,1
19,16,2
20,16,3
21,16,0
22,16,3
23,16,3
24,16,1
25,16,3
26,16,3
27,16,1
28,16,1
29,16,3
30,16,1
31,16,3
32,16,3
33,16,3
34,16,3
35,16,1
36,16,3
37,16,0
38,16,3
39,16,2
40,16,3
41,16,3
42,16,3
43,16,2
44,16,3
45,16,2
46,16,0
47,16,2
48,16,3
49,16,0
50,16,2
-50,17,3
-49,17,3
-48,17,2
-47,17,2
-46,17,2
-45,17,0
-44,17,3
-43,17,2
-42,17,3
-41,17,3
-40,17,3
-39,17,0
-38,17,3
-37,17,2
-36,17,2
-35,17,3
-34,17,1
-33,17,3
-32,17,3
-31,17,1
-30,17,3
-29,17,2
-28,17,2
-27,17,3
-26,17,1
-25,17,1
-24,17,3
-23,17,1
-22,17,1
-21,17,2
-20,17,2
-19,17,3
-18,17,2
-17,17,0
-16,17,2
-15,17,1
-14,17,2
-13,17,3
-12,17,2
-11,17,0
-10,17,3
-9,17,2
-8,17,3
-7,17,1
-6,17,1
-5,17,3
-4,17,1
-3,17,2
-2,17,3
-1,17,2
0,17,3
1,17,2
2,17,3
3,17,2
4,17,1
5,17,3
6,17,1
7,17,1
8,17,3
9,17,2
10,17,3
11,17,0
12,17,2
13,17,3
14,17,2
15,17,1
16,17,2
17,17,0
18,17,2
19,17,3
20,17,2
21,17,2
22,17,1
23,17,1
24,17,3
25,17,1
26,17,1
27,17,3
28,17,2
29,17,2
30,17,3
31,17,1
32,17,3
33,17,3
34,17,1
35,17,3
36,17,2
37,17,2
38,17,3
39,17,0
40,17,3
41,17,3
42,17,3
43,17,2
44,17,3
45,17,0
46,17,2
47,17,2
48,17,2
49,17,3
50,17,3
-50,18,0
-49,18,2
-48,18,3
-47,18,3
-46,18,3
-45,18,3
-44,18,2
-43,18,2
-42,18,3
-41,18,3
-40,18,2
-39,18,2
-38,18,2
-37,18,3
-36,18,0
-35,18,3
-34,18,3
-33,18,1
-32,18,1
-31,18,3
-30,18,3
-29,18,0
-28,18,2
-27,18,3
-26,18,2
-25,18,2
-24,18,2
-23,18,3
-22,18,3
-21,18,3
-20,18,3
-19,18,1
-18,18,0
-17,18,2
-16,18,1
-15,18,2
-14,18,3
-13,18,2
-12,18,3
-11,18,3
-10,18,2
-9,18,3
-8,18,1
-7,18,3
-6,18,2
-5,18,1
-4,18,1
-3,18,2
-2,18,3
-1,18,3
0,18,0
1,18,3
2,18,3
3,18,2
4,18,1
5,18,1
6,18,2
7,18,3
8,18,1
9,18,3
10,18,2
11,18,3
12,18,3
13,18,2
14,18,3
15,18,2
16,18,1
17,18,2
18,18,0
19,18,1
20,18,3
21,18,3
22,18,3
23,18,3
24,18,2
25,18,2
26,18,2
27,18,3
28,18,2
29,18,0
30,18,3
31,18,3
32,18,1
33,18,1
34,18,3
35,18,3
36,18,0
37,18,3
38,18,2
39,18,2
40,18,2
41,18,3
42,18,3
43,18,2
44,18,2
45,18,3
46,18,3
47,18,3
48,18,3
49,18,2
50,18,0
-50,19,3
-49,19,2
-48,19,0
-47,19,2
-46,19,2
-45,19,2
-44,19,2
-43,19,2
-42,19,3
-41,19,3
-40,19,0
-39,19,3
-38,19,0
-37,19,3
-36,19,3
-35,19,2
-34,19,3
-33,19,2
-32,19,2
-31,19,3
-30,19,2
-29,19,2
-28,19,0
-27,19,3
-26,19,2
-25,19,2
-24,19,2
-23,19,1
-22,19,3
-21,19,3
-20,19,2
-19,19,2
-18,19,1
-17,19,3
-16,19,2
-15,19,2
-14,19,1
-13,19,2
-12,19,3
-11,19,3
-10,19,2
-9,19,3
-8,19,2
-7,19,0
-6,19,3
-5,19,3
-4,19,2
-3,19,2
-2,19,1
-1,19,3
0,19,3
1,19,3
2,19,1
3,19,2
4,19,2
5,19,3
6,19,3
7,19,0
8,19,2
9,19,3
10,19,2
11,19,3
12,19,3
13,19,2
14,19,1
15,19,2
16,19,2
17,19,3
18,19,1
19,19,2
20,19,2
21,19,3
22,19,3
23,19,1
24,19,2
25,19,2
26,19,2
27,19,3
28,19,0
29,19,2
30,19,2
31,19,3
32,19,2
33,19,2
34,19,3
35,19,2
36,19,3
37,19,3
38,19,0
39,19,3
40,19,0
41,19,3
42,19,3
43,19,2
44,19,2
45,19,2
46,19,2
47,19,2
48,19,0
49,19,2
50,19,3
-50,20,1
-49,20,2
-48,20,2
-47,20,0
-46,20,2
-45,20,2
-44,20,2
-43,20,2
-42,20,3
-41,20,2
-40,20,3
-39,20,2
-38,20,3
-37,20,3
-36,20,0
-35,20,2
-34,20,3
-33,20,2
-32,20,2
-31,20,3
-30,20,0
-29,20,2
-28,20,3
-27,20,3
-26,20,3
-25,20,3
-24,20,3
-23,20,1
-22,20,1
-21,20,3
-20,20,0
-19,20,2
-18,20,3
-17,20,2
-16,20,3
-15,20,3
-14,20,2
-13,20,2
-12,20,2
-11,20,0
-10,20,2
-9,20,0
-8,20,3
-7,20,2
-6,20,2
-5,20,1
-4,20,2
-3,20,3
-2,20,2
-1,20,3
0,20,0
1,20,3
2,20,2
3,20,3
4,20,2
5,20,1
6,20,2
7,20,2
8,20,3
9,20,0
10,20,2
11,20,0
12,20,2
13,20,2
14,20,2
15,20,3
16,20,3
17,20,2
18,20,3
19,20,2
20,20,0
21,20,3
22,20,1
23,20,1
24,20,3
25,20,3
26,20,3
27,20,3
28,20,3
29,20,2
30,20,0
31,20,3
32,20,2
33,20,2
34,20,3
35,20,2
36,20,0
37,20,3
38,20,3
39,20,2
40,20,3
41,20,2
42,20,3
43,20,2
44,20,2
45,20,2
46,20,2
47,20,0
48,20,2
49,20,2
50,20,1
-50,21,0
-49,21,3
-48,21,3
-47,21,3
-46,21,1
-45,21,2
-44,21,2
-43,21,2
-42,21,3
-41,21,2
-40,21,0
-39,21,3
-38,21,0
-37,21,3
-36,21,2
-35,21,0
-34,21,3
-33,21,2
-32,21,2
-31,21,2
-30,21,3
-29,21,3
-28,21,3
-27,21,1
-26,21,2
-25,21,2
-24,21,1
-23,21,3
-22,21,2
-21,21,0
-20,21,3
-19,21,3
-18,21,3
-17,21,2
-16,21,0
-15,21,2
-14,21,2
-13,21,3
-12,21,3
-11,21,1
-10,21,3
-9,21,3
-8,21,3
-7,21,1
-6,21,2
-5,21,3
-4,21,3
-3,21,2
-2,21,2
-1,21,2
0,21,3
1,21,2
2,21,2
3,21,2
4,21,3
5,21,3
6,21,2
7,21,1
8,21,3
9,21,3
10,21,3
11,21,1
12,21,3
13,21,3
14,21,2
15,21,2
16,21,0
17,21,2
18,21,3
19,21,3
20,21,3
21,21,0
22,21,2
23,21,3
24,21,1
25,21,2
26,21,2
27,21,1
28,21,3
29,21,3
30,21,3
31,21,2
32,21,2
33,21,2
34,21,3
35,21,0
36,21,2
37,21,3
38,21,0
39,21,3
40,21,0
41,21,2
42,21,3
43,21,2
44,21,2
45,21,2
46,21,1
47,21,3
48,21,3
49,21,3
50,21,0
-50,22,0
-49,22,1
-48,22,2
-47,22,2
-46,22,1
-45,22,2
-44,22,2
-43,22,2
-42,22,3
-41,22,0
-40,22,2
-39,22,2
-38,22,3
-37,22,3
-36,22,3
-35,22,3
-34,22,2
-33,22,2
-32,22,2
-31,22,2
-30,22,2
-29,22,2
-28,22,1
-27,22,1
-26,22,3
-25,22,3
-24,22,2
-23,22,3
-22,22,0
-21,22,2
-20,22,1
-19,22,3
-18,22,3
-17,22,1
-16,22,3
-15,22,3
-14,22,2
-13,22,1
-12,22,3
-11,22,3
-10,22,3
-9,22,2
-8,22,3
-7,22,2
-6,22,1
-5,22,1
-4,22,3
-3,22,1
-2,22,3
-1,22,3
0,22,2
1,22,3
2,22,3
3,22,1
4,22,3
5,22,1
6,22,1
7,22,2
8,22,3
9,22,2
10,22,3
11,22,3
12,22,3
13,22,1
14,22,2
15,22,3
16,22,3
17,22,1
18,22,3
19,22,3
20,22,1
21,22,2
22,22,0
23,22,3
24,22,2
25,22,3
26,22,3
27,22,1
28,22,1
29,22,2
30,22,2
31,22,2
32,22,2
33,22,2
34,22,2
35,22,3
36,22,3
37,22,3
38,22,3
39,22,2
40,22,2
41,22,0
42,22,3
43,22,2
44,22,2
45,22,2
46,22,1
47,22,2
48,22,2
49,22,1
50,22,0
-50,23,0
-49,23,0
-48,23,3
-47,23,3
-46,23,1
-45,23,2
-44,23,2
-43,23,2
-42,23,2
-41,23,3
-40,23,3
-39,23,3
-38,23,3
-37,23,1
-36,23,3
-35,23,3
-34,23,3
-33,23,3
-32,23,3
-31,23,3
-30,23,3
-29,23,3
-28,23,0
-27,23,3
-26,23,2
-25,23,3
-24,23,2
-23,23,2
-22,23,3
-21,23,3
-20,23,1
-19,23,1
-18,23,3
-17,23,1
-16,23,3
-15,23,3
-14,23,2
-13,23,1
-12,23,3
-11,23,2
-10,23,3
-9,23,3
-8,23,0
-7,23,2
-6,23,0
-5,23,2
-4,23,2
-3,23,1
-2,23,1
-1,23,3
0,23,0
1,23,3
2,23,1
3,23,1
4,23,2
5,23,2
6,23,0
7,23,2
8,23,0
9,23,3
10,23,3
11,23,2
12,23,3
13,23,1
14,23,2
15,23,3
16,23,3
17,23,1
18,23,3
19,23,1
20,23,1
21,23,3
22,23,3
23,23,2
24,23,2
25,23,3
26,23,2
27,23,3
28,23,0
29,23,3
30,23,3
31,23,3
32,23,3
33,23,3
34,23,3
35,23,3
36,23,3
37,23,1
38,23,3
39,23,3
40,23,3
41,23,3
42,23,2
43,23,2
44,23,2
45,23,2
46,23,1
47,23,3
48,23,3
49,23,0
50,23,0
-50,24,0
-49,24,0
-48,24,1
-47,24,1
-46,24,3
-45,24,3
-44,24,3
-43,24,3
-42,24,3
-41,24,3
-40,24,3
-39,24,3
-38,24,1
-37,24,3
-36,24,1
-35,24,3
-34,24,3
-33,24,3
-32,24,3
-31,24,3
-30,24,3
-29,24,2
-28,24,3
-27,24,3
-26,24,0
-25,24,3
-24,24,2
-23,24,2
-22,24,2
-21,24,1
-20,24,3
-19,24,2
-18,24,2
-17,24,3
-16,24,1
-15,24,3
-14,24,3
-13,24,3
-12,24,1
-11,24,3
-10,24,1
-9,24,3
-8,24,3
-7,24,3
-6,24,2
-5,24,2
-4,24,3
-3,24,3
-2,24,3
-1,24,1
0,24,3
1,24,1
2,24,3
3,24,3
4,24,3
5,24,2
6,24,2
7,24,3
8,24,3
9,24,3
10,24,1
11,24,3
12,24,1
13,24,3
14,24,3
15,24,3
16,24,1
17,24,3
18,24,2
19,24,2
20,24,3
21,24,1
22,24,2
23,24,2
24,24,2
25,24,3
26,24,0
27,24,3
28,24,3
29,24,2
30,24,3
31,24,3
32,24,3
33,24,3
34,24,3
35,24,3
36,24,1
37,24,3
38,24,1
39,24,3
40,24,3
41,24,3
42,24,3
43,24,3
44,24,3
45,24,3
46,24,3
47,24,1
48,24,1
49,24,0
50,24,0
-50,25,0
-49,25,0
-48,25,0
-47,25,2
-46,25,3
-45,25,3
-44,25,3
-43,25,3
-42,25,3
-41,25,3
-40,25,3
-39,25,1
-38,25,3
-37,25,1
-36,25,3
-35,25,1
-34,25,3
-33,25,3
-32,25,3
-31,25,3
-30,25,3
-29,25,2
-28,25,0
-27,25,3
-26,25,3
-25,25,2
-24,25,3
-23,25,3
-22,25,3
-21,25,2
-20,25,3
-19,25,2
-18,25,2
-17,25,1
-16,25,3
-15,25,3
-14,25,0
-13,25,2
-12,25,3
-11,25,3
-10,25,1
-9,25,3
-8,25,2
-7,25,2
-6,25,3
-5,25,3
-4,25,0
-3,25,3
-2,25,2
-1,25,3
0,25,3
1,25,3
2,25,2
3,25,3
4,25,0
5,25,3
6,25,3
7,25,2
8,25,2
9,25,3
10,25,1
11,25,3
12,25,3
13,25,2
14,25,0
15,25,3
16,25,3
17,25,1
18,25,2
19,25,2
20,25,3
21,25,2
22,25,3
23,25,3
24,25,3
25,25,2
26,25,3
27,25,3
28,25,0
29,25,2
30,25,3
31,25,3
32,25,3
33,25,3
34,25,3
35,25,1
36,25,3
37,25,1
38,25,3
39,25,1
40,25,3
41,25,3
42,25,3
43,25,3
44,25,3
45,25,3
46,25,3
47,25,2
48,25,0
49,25,0
50,25,0
-50,26,0
-49,26,0
-48,26,0
-47,26,0
-46,26,3
-45,26,3
-44,26,3
-43,26,3
-42,26,3
-41,26,2
-40,26,0
-39,26,2
-38,26,1
-37,26,3
-36,26,1
-35,26,3
-34,26,2
-33,26,3
-32,26,3
-31,26,3
-30,26,3
-29,26,0
-28,26,2
-27,26,3
-26,26,0
-25,26,3
-24,26,0
-23,26,2
-22,26,3
-21,26,2
-20,26,3
-19,26,2
-18,26,2
-17,26,1
-16,26,3
-15,26,2
-14,26,3
-13,26,3
-12,26,3
-11,26,3
-10,26,2
-9,26,0
-8,26,1
-7,26,3
-6,26,2
-5,26,3
-4,26,2
-3,26,3
-2,26,3
-1,26,1
0,26,1
1,26,1
2,26,3
3,26,3
4,26,2
5,26,3
6,26,2
7,26,3
8,26,1
9,26,0
10,26,2
11,26,3
12,26,3
13,26,3
14,26,3
15,26,2
16,26,3
17,26,1
18,26,2
19,26,2
20,26,3
21,26,2
22,26,3
23,26,2
24,26,0
25,26,3
26,26,0
27,26,3
28,26,2
29,26,0
30,26,3
31,26,3
32,26,3
33,26,3
34,26,2
35,26,3
36,26,1
37,26,3
38,26,1
39,26,2
40,26,0
41,26,2
42,26,3
43,26,3
44,26,3
45,26,3
46,26,3
47,26,0
48,26,0
49,26,0
50,26,0
-50,27,0
-49,27,0
-48,27,0
-47,27,0
-46,27,1
-45,27,2
-44,27,2
-43,27,2
-42,27,0
-41,27,2
-40,27,3
-39,27,3
-38,27,2
-37,27,1
-36,27,3
-35,27,3
-34,27,0
-33,27,3
-32,27,3
-31,27,3
-30,27,2
-29,27,3
-28,27,3
-27,27,2
-26,27,3
-25,27,3
-24,27,3
-23,27,3
-22,27,1
-21,27,1
-20,27,3
-19,27,3
-18,27,3
-17,27,3
-16,27,1
-15,27,1
-14,27,2
-13,27,2
-12,27,3
-11,27,3
-10,27,2
-9,27,3
-8,27,2
-7,27,3
-6,27,3
-5,27,0
-4,27,2
-3,27,2
-2,27,3
-1,27,3
0,27,2
1,27,3
2,27,3
3,27,2
4,27,2
5,27,0
6,27,3
7,27,3
8,27,2
9,27,3
10,27,2
11,27,3
12,27,3
13,27,2
14,27,2
15,27,1
16,27,1
17,27,3
18,27,3
19,27,3
20,27,3
21,27,1
22,27,1
23,27,3
24,27,3
25,27,3
26,27,3
27,27,2
28,27,3
29,27,3
30,27,2
31,27,3
32,27,3
33,27,3
34,27,0
35,27,3
36,27,3
37,27,1
38,27,2
39,27,3
40,27,3
41,27,2
42,27,0
43,27,2
44,27,2
45,27,2
46,27,1
47,27,0
48,27,0
49,27,0
50,27,0
-50,28,0
-49,28,0
-48,28,0
-47,28,0
-46,28,0
-45,28,3
-44,28,3
-43,28,1
-42,28,3
-41,28,3
-40,28,3
-39,28,3
-38,28,0
-37,28,3
-36,28,3
-35,28,1
-34,28,2
-33,28,1
-32,28,3
-31,28,3
-30,28,2
-29,28,2
-28,28,0
-27,28,3
-26,28,2
-25,28,0
-24,28,3
-23,28,0
-22,28,1
-21,28,3
-20,28,3
-19,28,0
-18,28,2
-17,28,2
-16,28,1
-15,28,3
-14,28,0
-13,28,3
-12,28,0
-11,28,2
-10,28,3
-9,28,2
-8,28,1
-7,28,3
-6,28,3
-5,28,2
-4,28,2
-3,28,3
-2,28,0
-1,28,3
0,28,1
1,28,3
2,28,0
3,28,3
4,28,2
5,28,2
6,28,3
7,28,3
8,28,1
9,28,2
10,28,3
11,28,2
12,28,0
13,28,3
14,28,0
15,28,3
16,28,1
17,28,2
18,28,2
19,28,0
20,28,3
21,28,3
22,28,1
23,28,0
24,28,3
25,28,0
26,28,2
27,28,3
28,28,0
29,28,2
30,28,2
31,28,3
32,28,3
33,28,1
34,28,2
35,28,1
36,28,3
37,28,3
38,28,0
39,28,3
40,28,3
41,28,3
42,28,3
43,28,1
44,28,3
45,28,3
46,28,0
47,28,0
48,28,0
49,28,0
50,28,0
-50,29,0
-49,29,0
-48,29,0
-47,29,0
-46,29,0
-45,29,1
-44,29,1
-43,29,3
-42,29,3
-41,29,3
-40,29,3
-39,29,1
-38,29,2
-37,29,3
-36,29,2
-35,29,3
-34,29,0
-33,29,3
-32,29,1
-31,29,3
-30,29,2
-29,29,0
-28,29,2
-27,29,3
-26,29,0
-25,29,2
-24,29,2
-23,29,3
-22,29,2
-21,29,3
-20,29,2
-19,29,2
-18,29,0
-17,29,2
-16,29,3
-15,29,1
-14,29,2
-13,29,2
-12,29,3
-11,29,3
-10,29,3
-9,29,2
-8,29,2
-7,29,0
-6,29,2
-5,29,3
-4,29,2
-3,29,3
-2,29,2
-1,29,3
0,29,0
1,29,3
2,29,2
3,29,3
4,29,2
5,29,3
6,29,2
7,29,0
8,29,2
9,29,2
10,29,3
11,29,3
12,29,3
13,29,2
14,29,2
15,29,1
16,29,3
17,29,2
18,29,0
19,29,2
20,29,2
21,29,3
22,29,2
23,29,3
24,29,2
25,29,2
26,29,0
27,29,3
28,29,2
29,29,0
30,29,2
31,29,3
32,29,1
33,29,3
34,29,0
35,29,3
36,29,2
37,29,3
38,29,2
39,29,1
40,29,3
41,29,3
42,29,3
43,29,3
44,29,1
45,29,1
46,29,0
47,29,0
48,29,0
49,29,0
50,29,0
-50,30,0
-49,30,0
-48,30,0
-47,30,0
-46,30,0
-45,30,0
-44,30,2
-43,30,3
-42,30,3
-41,30,3
-40,30,1
-39,30,3
-38,30,2
-37,30,3
-36,30,0
-35,30,3
-34,30,2
-33,30,2
-32,30,3
-31,30,1
-30,30,0
-29,30,2
-28,30,2
-27,30,2
-26,30,3
-25,30,3
-24,30,3
-23,30,3
-22,30,2
-21,30,3
-20,30,0
-19,30,2
-18,30,3
-17,30,3
-16,30,1
-15,30,3
-14,30,2
-13,30,2
-12,30,2
-11,30,2
-10,30,2
-9,30,1
-8,30,2
-7,30,2
-6,30,2
-5,30,2
-4,30,1
-3,30,3
-2,30,3
-1,30,1
0,30,3
1,30,1
2,30,3
3,30,3
4,30,1
5,30,2
6,30,2
7,30,2
8,30,2
9,30,1
10,30,2
11,30,2
12,30,2
13,30,2
14,30,2
15,30,3
16,30,1
17,30,3
18,30,3
19,30,2
20,30,0
21,30,3
22,30,2
23,30,3
24,30,3
25,30,3
26,30,3
27,30,2
28,30,2
29,30,2
30,30,0
31,30,1
32,30,3
33,30,2
34,30,2
35,30,3
36,30,0
37,30,3
38,30,2
39,30,3
40,30,1
41,30,3
42,30,3
43,30,3
44,30,2
45,30,0
46,30,0
47,30,0
48,30,0
49,30,0
50,30,0
-50,31,0
-49,31,0
-48,31,0
-47,31,0
-46,31,0
-45,31,0
-44,31,0
-43,31,3
-42,31,3
-41,31,1
-40,31,3
-39,31,3
-38,31,2
-37,31,1
-36,31,2
-35,31,2
-34,31,3
-33,31,0
-32,31,3
-31,31,2
-30,31,1
-29,31,3
-28,31,3
-27,31,3
-26,31,3
-25,31,3
-24,31,3
-23,31,3
-22,31,2
-21,31,2
-20,31,3
-19,31,3
-18,31,3
-17,31,1
-16,31,3
-15,31,3
-14,31,2
-13,31,3
-12,31,3
-11,31,3
-10,31,3
-9,31,3
-8,31,0
-7,31,3
-6,31,2
-5,31,2
-4,31,2
-3,31,0
-2,31,2
-1,31,3
0,31,3
1,31,3
2,31,2
3,31,0
4,31,2
5,31,2
6,31,2
7,31,3
8,31,0
9,31,3
10,31,3
11,31,3
12,31,3
13,31,3
14,31,2
15,31,3
16,31,3
17,31,1
18,31,3
19,31,3
20,31,3
21,31,2
22,31,2
23,31,3
24,31,3
25,31,3
26,31,3
27,31,3
28,31,3
29,31,3
30,31,1
31,31,2
32,31,3
33,31,0
34,31,3
35,31,2
36,31,2
37,31,1
38,31,2
39,31,3
40,31,3
41,31,1
42,31,3
43,31,3
44,31,0
45,31,0
46,31,0
47,31,0
48,31,0
49,31,0
50,31,0
-50,32,0
-49,32,0
-48,32,0
-47,32,0
-46,32,0
-45,32,0
-44,32,0
-43,32,1
-42,32,1
-41,32,3
-40,32,3
-39,32,3
-38,32,0
-37,32,3
-36,32,2
-35,32,0
-34,32,3
-33,32,3
-32,32,2
-31,32,3
-30,32,3
-29,32,1
-28,32,3
-27,32,3
-26,32,3
-25,32,3
-24,32,3
-23,32,3
-22,32,2
-21,32,2
-20,32,2
-19,32,2
-18,32,1
-17,32,3
-16,32,3
-15,32,3
-14,32,3
-13,32,0
-12,32,2
-11,32,2
-10,32,3
-9,32,3
-8,32,2
-7,32,3
-6,32,2
-5,32,2
-4,32,3
-3,32,3
-2,32,3
-1,32,2
0,32,2
1,32,2
2,32,3
3,32,3
4,32,3
5,32,2
6,32,2
7,32,3
8,32,2
9,32,3
10,32,3
11,32,2
12,32,2
13,32,0
14,32,3
15,32,3
16,32,3
17,32,3
18,32,1
19,32,2
20,32,2
21,32,2
22,32,2
23,32,3
24,32,3
25,32,3
26,32,3
27,32,3
28,32,3
29,32,1
30,32,3
31,32,3
32,32,2
33,32,3
34,32,3
35,32,0
36,32,2
37,32,3
38,32,0
39,32,3
40,32,3
41,32,3
42,32,1
43,32,1
44,32,0
45,32,0
46,32,0
47,32,0
48,32,0
49,32,0
50,32,0
-50,33,0
-49,33,0
-48,33,0
-47,33,0
-46,33,0
-45,33,0
-44,33,0
-43,33,0
-42,33,2
-41,33,3
-40,33,3
-39,33,2
-38,33,2
-37,33,3
-36,33,0
-35,33,2
-34,33,3
-33,33,0
-32,33,3
-31,33,0
-30,33,2
-29,33,3
-28,33,1
-27,33,3
-26,33,3
-25,33,3
-24,33,3
-23,33,3
-22,33,2
-21,33,2
-20,33,2
-19,33,2
-18,33,1
-17,33,3
-16,33,3
-15,33,3
-14,33,3
-13,33,2
-12,33,0
-11,33,3
-10,33,0
-9,33,2
-8,33,3
-7,33,3
-6,33,2
-5,33,3
-4,33,0
-3,33,3
-2,33,0
-1,33,3
0,33,2
1,33,3
2,33,0
3,33,3
4,33,0
5,33,3
6,33,2
7,33,3
8,33,3
9,33,2
10,33,0
11,33,3
12,33,0
13,33,2
14,33,3
15,33,3
16,33,3
17,33,3
18,33,1
19,33,2
20,33,2
21,33,2
22,33,2
23,33,3
24,33,3
25,33,3
26,33,3
27,33,3
28,33,1
29,33,3
30,33,2
31,33,0
32,33,3
33,33,0
34,33,3
35,33,2
36,33,0
37,33,3
38,33,2
39,33,2
40,33,3
41,33,3
42,33,2
43,33,0
44,33,0
45,33,0
46,33,0
47,33,0
48,33,0
49,33,0
50,33,0
-50,34,0
-49,34,0
-48,34,0
-47,34,0
-46,34,0
-45,34,0
-44,34,0
-43,34,0
-42,34,0
-41,34,3
-40,34,3
-39,34,0
-38,34,3
-37,34,2
-36,34,3
-35,34,3
-34,34,2
-33,34,3
-32,34,3
-31,34,3
-30,34,2
-29,34,0
-28,34,2
-27,34,0
-26,34,2
-25,34,3
-24,34,3
-23,34,3
-22,34,2
-21,34,3
-20,34,3
-19,34,3
-18,34,3
-17,34,1
-16,34,3
-15,34,3
-14,34,3
-13,34,2
-12,34,3
-11,34,2
-10,34,3
-9,34,3
-8,34,3
-7,34,3
-6,34,2
-5,34,3
-4,34,2
-3,34,2
-2,34,2
-1,34,3
0,34,2
1,34,3
2,34,2
3,34,2
4,34,2
5,34,3
6,34,2
7,34,3
8,34,3
9,34,3
10,34,3
11,34,2
12,34,3
13,34,2
14,34,3
15,34,3
16,34,3
17,34,1
18,34,3
19,34,3
20,34,3
21,34,3
22,34,2
23,34,3
24,34,3
25,34,3
26,34,2
27,34,0
28,34,2
29,34,0
30,34,2
31,34,3
32,34,3
33,34,3
34,34,2
35,34,3
36,34,3
37,34,2
38,34,3
39,34,0
40,34,3
41,34,3
42,34,0
43,34,0
44,34,0
45,34,0
46,34,0
47,34,0
48,34,0
49,34,0
50,34,0
-50,35,0
-49,35,0
-48,35,0
-47,35,0
-46,35,0
-45,35,0
-44,35,0
-43,35,0
-42,35,0
-41,35,1
-40,35,1
-39,35,2
-38,35,3
-37,35,2
-36,35,2
-35,35,0
-34,35,3
-33,35,2
-32,35,0
-31,35,2
-30,35,3
-29,35,3
-28,35,1
-27,35,3
-26,35,3
-25,35,1
-24,35,3
-23,35,3
-22,35,3
-21,35,0
-20,35,2
-19,35,2
-18,35,3
-17,35,3
-16,35,1
-15,35,3
-14,35,3
-13,35,3
-12,35,0
-11,35,3
-10,35,2
-9,35,2
-8,35,2
-7,35,2
-6,35,1
-5,35,3
-4,35,3
-3,35,0
-2,35,3
-1,35,3
0,35,2
1,35,3
2,35,3
3,35,0
4,35,3
5,35,3
6,35,1
7,35,2
8,35,2
9,35,2
10,35,2
11,35,3
12,35,0
13,35,3
14,35,3
15,35,3
16,35,1
17,35,3
18,35,3
19,35,2
20,35,2
21,35,0
22,35,3
23,35,3
24,35,3
25,35,1
26,35,3
27,35,3
28,35,1
29,35,3
30,35,3
31,35,2
32,35,0
33,35,2
34,35,3
35,35,0
36,35,2
37,35,2
38,35,3
39,35,2
40,35,1
41,35,1
42,35,0
43,35,0
44,35,0
45,35,0
46,35,0
47,35,0
48,35,0
49,35,0
50,35,0
-50,36,0
-49,36,0
-48,36,0
-47,36,0
-46,36,0
-45,36,0
-44,36,0
-43,36,0
-42,36,0
-41,36,0
-40,36,2
-39,36,2
-38,36,3
-37,36,2
-36,36,0
-35,36,2
-34,36,3
-33,36,0
-32,36,2
-31,36,2
-30,36,0
-29,36,2
-28,36,3
-27,36,3
-26,36,1
-25,36,3
-24,36,1
-23,36,3
-22,36,3
-21,36,2
-20,36,0
-19,36,3
-18,36,0
-17,36,2
-16,36,3
-15,36,1
-14,36,3
-13,36,3
-12,36,2
-11,36,3
-10,36,2
-9,36,2
-8,36,2
-7,36,2
-6,36,2
-5,36,0
-4,36,2
-3,36,1
-2,36,2
-1,36,2
0,36,1
1,36,2
2,36,2
3,36,1
4,36,2
5,36,0
6,36,2
7,36,2
8,36,2
9,36,2
10,36,2
11,36,3
12,36,2
13,36,3
14,36,3
15,36,1
16,36,3
17,36,2
18,36,0
19,36,3
20,36,0
21,36,2
22,36,3
23,36,3
24,36,1
25,36,3
26,36,1
27,36,3
28,36,3
29,36,2
30,36,0
31,36,2
32,36,2
33,36,0
34,36,3
35,36,2
36,36,0
37,36,2
38,36,3
39,36,2
40,36,2
41,36,0
42,36,0
43,36,0
44,36,0
45,36,0
46,36,0
47,36,0
48,36,0
49,36,0
50,36,0
-50,37,0
-49,37,0
-48,37,0
-47,37,0
-46,37,0
-45,37,0
-44,37,0
-43,37,0
-42,37,0
-41,37,0
-40,37,0
-39,37,2
-38,37,3
-37,37,0
-36,37,2
-35,37,2
-34,37,2
-33,37,3
-32,37,3
-31,37,1
-30,37,3
-29,37,3
-28,37,3
-27,37,1
-26,37,3
-25,37,1
-24,37,3
-23,37,1
-22,37,3
-21,37,3
-20,37,3
-19,37,3
-18,37,3
-17,37,2
-16,37,0
-15,37,2
-14,37,0
-13,37,2
-12,37,3
-11,37,3
-10,37,2
-9,37,2
-8,37,3
-7,37,3
-6,37,3
-5,37,3
-4,37,1
-3,37,3
-2,37,3
-1,37,3
0,37,2
1,37,3
2,37,3
3,37,3
4,37,1
5,37,3
6,37,3
7,37,3
8,37,3
9,37,2
10,37,2
11,37,3
12,37,3
13,37,2
14,37,0
15,37,2
16,37,0
17,37,2
18,37,3
19,37,3
20,37,3
21,37,3
22,37,3
23,37,1
24,37,3
25,37,1
26,37,3
27,37,1
28,37,3
29,37,3
30,37,3
31,37,1
32,37,3
33,37,3
34,37,2
35,37,2
36,37,2
37,37,0
38,37,3
39,37,2
40,37,0
41,37,0
42,37,0
43,37,0
44,37,0
45,37,0
46,37,0
47,37,0
48,37,0
49,37,0
50,37,0
-50,38,0
-49,38,0
-48,38,0
-47,38,0
-46,38,0
-45,38,0
-44,38,0
-43,38,0
-42,38,0
-41,38,0
-40,38,0
-39,38,0
-38,38,2
-37,38,3
-36,38,3
-35,38,3
-34,38,3
-33,38,2
-32,38,0
-31,38,2
-30,38,2
-29,38,2
-28,38,0
-27,38,2
-26,38,1
-25,38,3
-24,38,1
-23,38,3
-22,38,3
-21,38,0
-20,38,3
-19,38,0
-18,38,2
-17,38,3
-16,38,3
-15,38,1
-14,38,3
-13,38,3
-12,38,3
-11,38,3
-10,38,2
-9,38,3
-8,38,0
-7,38,2
-6,38,2
-5,38,3
-4,38,3
-3,38,3
-2,38,2
-1,38,2
0,38,1
1,38,2
2,38,2
3,38,3
4,38,3
5,38,3
6,38,2
7,38,2
8,38,0
9,38,3
10,38,2
11,38,3
12,38,3
13,38,3
14,38,3
15,38,1
16,38,3
17,38,3
18,38,2
19,38,0
20,38,3
21,38,0
22,38,3
23,38,3
24,38,1
25,38,3
26,38,1
27,38,2
28,38,0
29,38,2
30,38,2
31,38,2
32,38,0
33,38,2
34,38,3
35,38,3
36,38,3
37,38,3
38,38,2
39,38,0
40,38,0
41,38,0
42,38,0
43,38,0
44,38,0
45,38,0
46,38,0
47,38,0
48,38,0
49,38,0
50,38,0
-50,39,0
-49,39,0
-48,39,0
-47,39,0
-46,39,0
-45,39,0
-44,39,0
-43,39,0
-42,39,0
-41,39,0
-40,39,0
-39,39,0
-38,39,0
-37,39,2
-36,39,2
-35,39,2
-34,39,0
-33,39,2
-32,39,3
-31,39,3
-30,39,3
-29,39,1
-28,39,3
-27,39,3
-26,39,2
-25,39,1
-24,39,3
-23,39,3
-22,39,2
-21,39,3
-20,39,2
-19,39,3
-18,39,2
-17,39,0
-16,39,2
-15,39,3
-14,39,3
-13,39,3
-12,39,3
-11,39,3
-10,39,2
-9,39,3
-8,39,2
-7,39,0
-6,39,3
-5,39,0
-4,39,3
-3,39,0
-2,39,3
-1,39,2
0,39,0
1,39,2
2,39,3
3,39,0
4,39,3
5,39,0
6,39,3
7,39,0
8,39,2
9,39,3
10,39,2
11,39,3
12,39,3
13,39,3
14,39,3
15,39,3
16,39,2
17,39,0
18,39,2
19,39,3
20,39,2
21,39,3
22,39,2
23,39,3
24,39,3
25,39,1
26,39,2
27,39,3
28,39,3
29,39,1
30,39,3
31,39,3
32,39,3
33,39,2
34,39,0
35,39,2
36,39,2
37,39,2
38,39,0
39,39,0
40,39,0
41,39,0
42,39,0
43,39,0
44,39,0
45,39,0
46,39,0
47,39,0
48,39,0
49,39,0
50,39,0
-50,40,0
-49,40,0
-48,40,0
-47,40,0
-46,40,0
-45,40,0
-44,40,0
-43,40,0
-42,40,0
-41,40,0
-40,40,0
-39,40,0
-38,40,0
-37,40,0
-36,40,2
-35,40,1
-34,40,3
-33,40,3
-32,40,3
-31,40,3
-30,40,1
-29,40,3
-28,40,3
-27,40,3
-26,40,0
-25,40,3
-24,40,3
-23,40,3
-22,40,2
-21,40,0
-20,40,3
-19,40,0
-18,40,2
-17,40,3
-16,40,3
-15,40,3
-14,40,3
-13,40,3
-12,40,3
-11,40,3
-10,40,2
-9,40,3
-8,40,2
-7,40,3
-6,40,2
-5,40,2
-4,40,2
-3,40,2
-2,40,3
-1,40,0
0,40,3
1,40,0
2,40,3
3,40,2
4,40,2
5,40,2
6,40,2
7,40,3
8,40,2
9,40,3
10,40,2
11,40,3
12,40,3
13,40,3
14,40,3
15,40,3
16,40,3
17,40,3
18,40,2
19,40,0
20,40,3
21,40,0
22,40,2
23,40,3
24,40,3
25,40,3
26,40,0
27,40,3
28,40,3
29,40,3
30,40,1
31,40,3
32,40,3
33,40,3
34,40,3
35,40,1
36,40,2
37,40,0
38,40,0
39,40,0
40,40,0
41,40,0
42,40,0
43,40,0
44,40,0
45,40,0
46,40,0
47,40,0
48,40,0
49,40,0
50,40,0
-50,41,0
-49,41,0
-48,41,0
-47,41,0
-46,41,0
-45,41,0
-44,41,0
-43,41,0
-42,41,0
-41,41,0
-40,41,0
-39,41,0
-38,41,0
-37,41,0
-36,41,0
-35,41,1
-34,41,3
-33,41,3
-32,41,3
-31,41,1
-30,41,3
-29,41,3
-28,41,3
-27,41,2
-26,41,2
-25,41,3
-24,41,3
-23,41,3
-22,41,0
-21,41,2
-20,41,2
-19,41,3
-18,41,3
-17,41,3
-16,41,3
-15,41,3
-14,41,3
-13,41,3
-12,41,3
-11,41,3
-10,41,2
-9,41,3
-8,41,3
-7,41,0
-6,41,2
-5,41,3
-4,41,0
-3,41,3
-2,41,2
-1,41,2
0,41,3
1,41,2
2,41,2
3,41,3
4,41,0
5,41,3
6,41,2
7,41,0
8,41,3
9,41,3
10,41,2
11,41,3
12,41,3
13,41,3
14,41,3
15,41,3
16,41,3
17,41,3
18,41,3
19,41,3
20,41,2
21,41,2
22,41,0
23,41,3
24,41,3
25,41,3
26,41,2
27,41,2
28,41,3
29,41,3
30,41,3
31,41,1
32,41,3
33,41,3
34,41,3
35,41,1
36,41,0
37,41,0
38,41,0
39,41,0
40,41,0
41,41,0
42,41,0
43,41,0
44,41,0
45,41,0
46,41,0
47,41,0
48,41,0
49,41,0
50,41,0
-50,42,0
-49,42,0
-48,42,0
-47,42,0
-46,42,0
-45,42,0
-44,42,0
-43,42,0
-42,42,0
-41,42,0
-40,42,0
-39,42,0
-38,42,0
-37,42,0
-36,42,0
-35,42,0
-34,42,0
-33,42,2
-32,42,1
-31,42,3
-30,42,3
-29,42,3
-28,42,3
-27,42,0
-26,42,3
-25,42,3
-24,42,3
-23,42,2
-22,42,3
-21,42,3
-20,42,3
-19,42,3
-18,42,3
-17,42,3
-16,42,3
-15,42,3
-14,42,3
-13,42,3
-12,42,3
-11,42,3
-10,42,2
-9,42,3
-8,42,3
-7,42,2
-6,42,0
-5,42,3
-4,42,3
-3,42,3
-2,42,0
-1,42,3
0,42,3
1,42,3
2,42,0
3,42,3
4,42,3
5,42,3
6,42,0
7,42,2
8,42,3
9,42,3
10,42,2
11,42,3
12,42,3
13,42,3
14,42,3
15,42,3
16,42,3
17,42,3
18,42,3
19,42,3
20,42,3
21,42,3
22,42,3
23,42,2
24,42,3
25,42,3
26,42,3
27,42,0
28,42,3
29,42,3
30,42,3
31,42,3
32,42,1
33,42,2
34,42,0
35,42,0
36,42,0
37,42,0
38,42,0
39,42,0
40,42,0
41,42,0
42,42,0
43,42,0
44,42,0
45,42,0
46,42,0
47,42,0
48,42,0
49,42,0
50,42,0
-50,43,0
-49,43,0
-48,43,0
-47,43,0
-46,43,0
-45,43,0
-44,43,0
-43,43,0
-42,43,0
-41,43,0
-40,43,0
-39,43,0
-38,43,0
-37,43,0
-36,43,0
-35,43,0
-34,43,0
-33,43,0
-32,43,1
-31,43,3
-30,43,3
-29,43,3
-28,43,1
-27,43,2
-26,43,3
-25,43,3
-24,43,3
-23,43,2
-22,43,2
-21,43,2
-20,43,2
-19,43,2
-18,43,2
-17,43,2
-16,43,2
-15,43,2
-14,43,2
-13,43,2
-12,43,2
-11,43,2
-10,43,1
-9,43,3
-8,43,3
-7,43,2
-6,43,2
-5,43,3
-4,43,0
-3,43,3
-2,43,2
-1,43,3
0,43,3
1,43,3
2,43,2
3,43,3
4,43,0
5,43,3
6,43,2
7,43,2
8,43,3
9,43,3
10,43,1
11,43,2
12,43,2
13,43,2
14,43,2
15,43,2
16,43,2
17,43,2
18,43,2
19,43,2
20,43,2
21,43,2
22,43,2
23,43,2
24,43,3
25,43,3
26,43,3
27,43,2
28,43,1
29,43,3
30,43,3
31,43,3
32,43,1
33,43,0
34,43,0
35,43,0
36,43,0
37,43,0
38,43,0
39,43,0
40,43,0
41,43,0
42,43,0
43,43,0
44,43,0
45,43,0
46,43,0
47,43,0
48,43,0
49,43,0
50,43,0
-50,44,0
-49,44,0
-48,44,0
-47,44,0
-46,44,0
-45,44,0
-44,44,0
-43,44,0
-42,44,0
-41,44,0
-40,44,0
-39,44,0
-38,44,0
-37,44,0
-36,44,0
-35,44,0
-34,44,0
-33,44,0
-32,44,0
-31,44,0
-30,44,2
-29,44,1
-28,44,3
-27,44,2
-26,44,3
-25,44,3
-24,44,3
-23,44,2
-22,44,2
-21,44,2
-20,44,2
-19,44,2
-18,44,2
-17,44,3
-16,44,3
-15,44,3
-14,44,3
-13,44,3
-12,44,3
-11,44,3
-10,44,3
-9,44,1
-8,44,3
-7,44,2
-6,44,3
-5,44,1
-4,44,2
-3,44,1
-2,44,3
-1,44,3
0,44,3
1,44,3
2,44,3
3,44,1
4,44,2
5,44,1
6,44,3
7,44,2
8,44,3
9,44,1
10,44,3
11,44,3
12,44,3
13,44,3
14,44,3
15,44,3
16,44,3
17,44,3
18,44,2
19,44,2
20,44,2
21,44,2
22,44,2
23,44,2
24,44,3
25,44,3
26,44,3
27,44,2
28,44,3
29,44,1
30,44,2
31,44,0
32,44,0
33,44,0
34,44,0
35,44,0
36,44,0
37,44,0
38,44,0
39,44,0
40,44,0
41,44,0
42,44,0
43,44,0
44,44,0
45,44,0
46,44,0
47,44,0
48,44,0
49,44,0
50,44,0
-50,45,0
-49,45,0
-48,45,0
-47,45,0
-46,45,0
-45,45,0
-44,45,0
-43,45,0
-42,45,0
-41,45,0
-40,45,0
-39,45,0
-38,45,0
-37,45,0
-36,45,0
-35,45,0
-34,45,0
-33,45,0
-32,45,0
-31,45,0
-30,45,0
-29,45,1
-28,45,3
-27,45,2
-26,45,3
-25,45,3
-24,45,3
-23,45,2
-22,45,2
-21,45,2
-20,45,2
-19,45,2
-18,45,3
-17,45,0
-16,45,2
-15,45,2
-14,45,2
-13,45,3
-12,45,3
-11,45,3
-10,45,3
-9,45,3
-8,45,1
-7,45,1
-6,45,3
-5,45,3
-4,45,0
-3,45,3
-2,45,3
-1,45,3
0,45,3
1,45,3
2,45,3
3,45,3
4,45,0
5,45,3
6,45,3
7,45,1
8,45,1
9,45,3
10,45,3
11,45,3
12,45,3
13,45,3
14,45,2
15,45,2
16,45,2
17,45,0
18,45,3
19,45,2
20,45,2
21,45,2
22,45,2
23,45,2
24,45,3
25,45,3
26,45,3
27,45,2
28,45,3
29,45,1
30,45,0
31,45,0
32,45,0
33,45,0
34,45,0
35,45,0
36,45,0
37,45,0
38,45,0
39,45,0
40,45,0
41,45,0
42,45,0
43,45,0
44,45,0
45,45,0
46,45,0
47,45,0
48,45,0
49,45,0
50,45,0
-50,46,0
-49,46,0
-48,46,0
-47,46,0
-46,46,0
-45,46,0
-44,46,0
-43,46,0
-42,46,0
-41,46,0
-40,46,0
-39,46,0
-38,46,0
-37,46,0
-36,46,0
-35,46,0
-34,46,0
-33,46,0
-32,46,0
-31,46,0
-30,46,0
-29,46,0
-28,46,0
-27,46,1
-26,46,3
-25,46,3
-24,46,3
-23,46,1
-22,46,1
-21,46,1
-20,46,2
-19,46,2
-18,46,3
-17,46,2
-16,46,0
-15,46,2
-14,46,3
-13,46,0
-12,46,2
-11,46,2
-10,46,2
-9,46,2
-8,46,1
-7,46,3
-6,46,1
-5,46,3
-4,46,2
-3,46,3
-2,46,3
-1,46,3
0,46,3
1,46,3
2,46,3
3,46,3
4,46,2
5,46,3
6,46,1
7,46,3
8,46,1
9,46,2
10,46,2
11,46,2
12,46,2
13,46,0
14,46,3
15,46,2
16,46,0
17,46,2
18,46,3
19,46,2
20,46,2
21,46,1
22,46,1
23,46,1
24,46,3
25,46,3
26,46,3
27,46,1
28,46,0
29,46,0
30,46,0
31,46,0
32,46,0
33,46,0
34,46,0
35,46,0
36,46,0
37,46,0
38,46,0
39,46,0
40,46,0
41,46,0
42,46,0
43,46,0
44,46,0
45,46,0
46,46,0
47,46,0
48,46,0
49,46,0
50,46,0
-50,47,0
-49,47,0
-48,47,0
-47,47,0
-46,47,0
-45,47,0
-44,47,0
-43,47,0
-42,47,0
-41,47,0
-40,47,0
-39,47,0
-38,47,0
-37,47,0
-36,47,0
-35,47,0
-34,47,0
-33,47,0
-32,47,0
-31,47,0
-30,47,0
-29,47,0
-28,47,0
-27,47,0
-26,47,0
-25,47,2
-24,47,1
-23,47,3
-22,47,2
-21,47,3
-20,47,0
-19,47,2
-18,47,3
-17,47,2
-16,47,2
-15,47,0
-14,47,3
-13,47,2
-12,47,0
-11,47,2
-10,47,3
-9,47,3
-8,47,3
-7,47,1
-6,47,3
-5,47,1
-4,47,3
-3,47,3
-2,47,3
-1,47,3
0,47,3
1,47,3
2,47,3
3,47,3
4,47,3
5,47,1
6,47,3
7,47,1
8,47,3
9,47,3
10,47,3
11,47,2
12,47,0
13,47,2
14,47,3
15,47,0
16,47,2
17,47,2
18,47,3
19,47,2
20,47,0
21,47,3
22,47,2
23,47,3
24,47,1
25,47,2
26,47,0
27,47,0
28,47,0
29,47,0
30,47,0
31,47,0
32,47,0
33,47,0
34,47,0
35,47,0
36,47,0
37,47,0
38,47,0
39,47,0
40,47,0
41,47,0
42,47,0
43,47,0
44,47,0
45,47,0
46,47,0
47,47,0
48,47,0
49,47,0
50,47,0
-50,48,0
-49,48,0
-48,48,0
-47,48,0
-46,48,0
-45,48,0
-44,48,0
-43,48,0
-42,48,0
-41,48,0
-40,48,0
-39,48,0
-38,48,0
-37,48,0
-36,48,0
-35,48,0
-34,48,0
-33,48,0
-32,48,0
-31,48,0
-30,48,0
-29,48,0
-28,48,0
-27,48,0
-26,48,0
-25,48,0
-24,48,1
-23,48,3
-22,48,2
-21,48,3
-20,48,2
-19,48,0
-18,48,3
-17,48,2
-16,48,3
-15,48,3
-14,48,2
-13,48,3
-12,48,3
-11,48,2
-10,48,0
-9,48,2
-8,48,3
-7,48,3
-6,48,1
-5,48,3
-4,48,3
-3,48,3
-2,48,3
-1,48,3
0,48,3
1,48,3
2,48,3
3,48,3
4,48,3
5,48,3
6,48,1
7,48,3
8,48,3
9,48,2
10,48,0
11,48,2
12,48,3
13,48,3
14,48,2
15,48,3
16,48,3
17,48,2
18,48,3
19,48,0
20,48,2
21,48,3
22,48,2
23,48,3
24,48,1
25,48,0
26,48,0
27,48,0
28,48,0
29,48,0
30,48,0
31,48,0
32,48,0
33,48,0
34,48,0
35,48,0
36,48,0
37,48,0
38,48,0
39,48,0
40,48,0
41,48,0
42,48,0
43,48,0
44,48,0
45,48,0
46,48,0
47,48,0
48,48,0
49,48,0
50,48,0
-50,49,0
-49,49,0
-48,49,0
-47,49,0
-46,49,0
-45,49,0
-44,49,0
-43,49,0
-42,49,0
-41,49,0
-40,49,0
-39,49,0
-38,49,0
-37,49,0
-36,49,0
-35,49,0
-34,49,0
-33,49,0
-32,49,0
-31,49,0
-30,49,0
-29,49,0
-28,49,0
-27,49,0
-26,49,0
-25,49,0
-24,49,0
-23,49,0
-22,49,1
-21,49,3
-20,49,2
-19,49,2
-18,49,2
-17,49,3
-16,49,0
-15,49,2
-14,49,3
-13,49,0
-12,49,2
-11,49,2
-10,49,3
-9,49,2
-8,49,0
-7,49,2
-6,49,3
-5,49,3
-4,49,3
-3,49,3
-2,49,3
-1,49,3
0,49,3
1,49,3
2,49,3
3,49,3
4,49,3
5,49,3
6,49,3
7,49,2
8,49,0
9,49,2
10,49,3
11,49,2
12,49,2
13,49,0
14,49,3
15,49,2
16,49,0
17,49,3
18,49,2
19,49,2
20,49,2
21,49,3
22,49,1
23,49,0
24,49,0
25,49,0
26,49,0
27,49,0
28,49,0
29,49,0
30,49,0
31,49,0
32,49,0
33,49,0
34,49,0
35,49,0
36,49,0
37,49,0
38,49,0
39,49,0
40,49,0
41,49,0
42,49,0
43,49,0
44,49,0
45,49,0
46,49,0
47,49,0
48,49,0
49,49,0
50,49,0
-50,50,0
-49,50,0
-48,50,0
-47,50,0
-46,50,0
-45,50,0
-44,50,0
-43,50,0
-42,50,0
-41,50,0
-40,50,0
-39,50,0
-38,50,0
-37,50,0
-36,50,0
-35,50,0
-34,50,0
-33,50,0
-32,50,0
-31,50,0
-30,50,0
-29,50,0
-28,50,0
-27,50,0
-26,50,0
-25,50,0
-24,50,0
-23,50,0
-22,50,0
-21,50,0
-20,50,1
-19,50,3
-18,50,0
-17,50,3
-16,50,2
-15,50,0
-14,50,3
-13,50,2
-12,50,0
-11,50,3
-10,50,0
-9,50,2
-8,50,3
-7,50,3
-6,50,3
-5,50,3
-4,50,3
-3,50,3
-2,50,3
-1,50,3
0,50,3
1,50,3
2,50,3
3,50,3
4,50,3
5,50,3
6,50,3
7,50,3
8,50,3
9,50,2
10,50,0
11,50,3
12,50,0
13,50,2
14,50,3
15,50,0
16,50,2
17,50,3
18,50,0
19,50,3
20,50,1
21,50,0
22,50,0
23,50,0
24,50,0
25,50,0
26,50,0
27,50,0
28,50,0
29,50,0
30,50,0
31,50,0
32,50,0
33,50,0
34,50,0
35,50,0
36,50,0
37,50,0
38,50,0
39,50,0
40,50,0
41,50,0
42,50,0
43,50,0
44,50,0
45,50,0
46,50,0
47,50,0
48,50,0
49,50,0
50,50,0
